property_id,target,depth,result,runtime_seconds,solver,counterexample,notes
TPU_P01,tpu_axis_checker,1,ERROR,1,z3,NO,SBY exit code 16
TPU_P01,tpu_axis_checker,2,ERROR,1,z3,NO,SBY exit code 16
TPU_P01,tpu_axis_checker,4,ERROR,1,z3,NO,SBY exit code 16
TPU_P01,tpu_axis_checker,6,ERROR,1,z3,NO,SBY exit code 16
TPU_P01,tpu_axis_checker,8,ERROR,1,z3,NO,SBY exit code 16
TPU_P01,tpu_axis_checker,10,ERROR,1,z3,NO,SBY exit code 16
TPU_P02,tpu_axis_checker,1,ERROR,0,z3,NO,SBY exit code 16
TPU_P02,tpu_axis_checker,2,ERROR,0,z3,NO,SBY exit code 16
TPU_P02,tpu_axis_checker,4,ERROR,0,z3,NO,SBY exit code 16
TPU_P02,tpu_axis_checker,6,ERROR,1,z3,NO,SBY exit code 16
TPU_P02,tpu_axis_checker,8,ERROR,1,z3,NO,SBY exit code 16
TPU_P02,tpu_axis_checker,10,ERROR,1,z3,NO,SBY exit code 16
TPU_P03,tpu_axis_checker,1,ERROR,2,z3,NO,SBY exit code 16
TPU_P03,tpu_axis_checker,2,ERROR,1,z3,NO,SBY exit code 16
TPU_P03,tpu_axis_checker,4,ERROR,1,z3,NO,SBY exit code 16
TPU_P03,tpu_axis_checker,6,ERROR,1,z3,NO,SBY exit code 16
TPU_P03,tpu_axis_checker,8,ERROR,0,z3,NO,SBY exit code 16
TPU_P03,tpu_axis_checker,10,ERROR,0,z3,NO,SBY exit code 16
TPU_P04,tpu_axis_checker,1,ERROR,0,z3,NO,SBY exit code 16
TPU_P04,tpu_axis_checker,2,ERROR,0,z3,NO,SBY exit code 16
TPU_P04,tpu_axis_checker,4,ERROR,0,z3,NO,SBY exit code 16
TPU_P04,tpu_axis_checker,6,ERROR,1,z3,NO,SBY exit code 16
TPU_P04,tpu_axis_checker,8,ERROR,2,z3,NO,SBY exit code 16
TPU_P04,tpu_axis_checker,10,ERROR,1,z3,NO,SBY exit code 16
TPU_P06,tpu_axis_checker,1,ERROR,1,z3,NO,SBY exit code 16
TPU_P06,tpu_axis_checker,2,ERROR,1,z3,NO,SBY exit code 16
TPU_P06,tpu_axis_checker,4,ERROR,1,z3,NO,SBY exit code 16
TPU_P06,tpu_axis_checker,6,ERROR,1,z3,NO,SBY exit code 16
TPU_P06,tpu_axis_checker,8,ERROR,1,z3,NO,SBY exit code 16
TPU_P06,tpu_axis_checker,10,ERROR,1,z3,NO,SBY exit code 16
TPU_P05,tpu_mmio_checker,1,ERROR,1,z3,NO,SBY exit code 16
TPU_P05,tpu_mmio_checker,2,ERROR,1,z3,NO,SBY exit code 16
