experiment,property,boundary,depth,result,runtime_sec,assertions,covers,mutation,counterexample,notes
Control_Boundary,P05.1,tpu_p05_control_wrapper,1,PASS,2,N/A,N/A,NO,NO,Completed successfully
Control_Boundary,P05.1,tpu_p05_control_wrapper,2,PASS,1,N/A,N/A,NO,NO,Completed successfully
Control_Boundary,P05.1,tpu_p05_control_wrapper,4,PASS,1,N/A,N/A,NO,NO,Completed successfully
Control_Boundary,P05.1,tpu_p05_control_wrapper,6,PASS,2,N/A,N/A,NO,NO,Completed successfully
Control_Boundary,P05.1,tpu_p05_control_wrapper,8,PASS,2,N/A,N/A,NO,NO,Completed successfully
Control_Boundary,P05.1,tpu_p05_control_wrapper,10,PASS,3,N/A,N/A,NO,NO,Completed successfully
Control_Boundary,P05.2,tpu_p05_control_wrapper,1,PASS,1,N/A,N/A,NO,NO,Completed successfully
Control_Boundary,P05.2,tpu_p05_control_wrapper,2,PASS,2,N/A,N/A,NO,NO,Completed successfully
Control_Boundary,P05.2,tpu_p05_control_wrapper,4,PASS,2,N/A,N/A,NO,NO,Completed successfully
Control_Boundary,P05.2,tpu_p05_control_wrapper,6,PASS,2,N/A,N/A,NO,NO,Completed successfully
Control_Boundary,P05.2,tpu_p05_control_wrapper,8,PASS,2,N/A,N/A,NO,NO,Completed successfully
Control_Boundary,P05.2,tpu_p05_control_wrapper,10,PASS,2,N/A,N/A,NO,NO,Completed successfully
Control_Boundary,P05.3,tpu_p05_control_wrapper,1,PASS,3,N/A,N/A,NO,NO,Completed successfully
Control_Boundary,P05.3,tpu_p05_control_wrapper,2,PASS,4,N/A,N/A,NO,NO,Completed successfully
Control_Boundary,P05.3,tpu_p05_control_wrapper,4,PASS,3,N/A,N/A,NO,NO,Completed successfully
Control_Boundary,P05.3,tpu_p05_control_wrapper,6,PASS,4,N/A,N/A,NO,NO,Completed successfully
Control_Boundary,P05.3,tpu_p05_control_wrapper,8,PASS,3,N/A,N/A,NO,NO,Completed successfully
Control_Boundary,P05.3,tpu_p05_control_wrapper,10,PASS,3,N/A,N/A,NO,NO,Completed successfully
Control_Boundary,P05.4,tpu_p05_control_wrapper,1,PASS,2,N/A,N/A,NO,NO,Completed successfully
Control_Boundary,P05.4,tpu_p05_control_wrapper,2,PASS,2,N/A,N/A,NO,NO,Completed successfully
Control_Boundary,P05.4,tpu_p05_control_wrapper,4,PASS,2,N/A,N/A,NO,NO,Completed successfully
Control_Boundary,P05.4,tpu_p05_control_wrapper,6,PASS,1,N/A,N/A,NO,NO,Completed successfully
Control_Boundary,P05.4,tpu_p05_control_wrapper,8,PASS,2,N/A,N/A,NO,NO,Completed successfully
Control_Boundary,P05.4,tpu_p05_control_wrapper,10,PASS,2,N/A,N/A,NO,NO,Completed successfully
Control_Boundary,P05.5,tpu_p05_control_wrapper,1,PASS,1,N/A,N/A,NO,NO,Completed successfully
Control_Boundary,P05.5,tpu_p05_control_wrapper,2,PASS,2,N/A,N/A,NO,NO,Completed successfully
Control_Boundary,P05.5,tpu_p05_control_wrapper,4,PASS,1,N/A,N/A,NO,NO,Completed successfully
Control_Boundary,P05.5,tpu_p05_control_wrapper,6,PASS,2,N/A,N/A,NO,NO,Completed successfully
Control_Boundary,P05.5,tpu_p05_control_wrapper,8,PASS,2,N/A,N/A,NO,NO,Completed successfully
Control_Boundary,P05.5,tpu_p05_control_wrapper,10,PASS,2,N/A,N/A,NO,NO,Completed successfully
