seed,temp_c_in,batt,noise_on,adc_code,sensor_voltage,temp_read_tenths,ideal_tenths,error,alarm_exp,alarm_act,result
1,-40.0,10,0,227,0.100000,-400,-400,0,0,0,SUCCESS marker
1,-40.0,10,1,216,0.095049,-405,-400,-5,0,0,SUCCESS marker
1,-40.0,80,0,227,0.100000,-400,-400,0,0,0,SUCCESS marker
1,-40.0,80,1,216,0.095049,-405,-400,-5,0,0,SUCCESS marker
2,-40.0,10,0,227,0.100000,-400,-400,0,0,0,SUCCESS marker
2,-40.0,10,1,222,0.098010,-402,-400,-2,0,0,SUCCESS marker
2,-40.0,80,0,227,0.100000,-400,-400,0,0,0,SUCCESS marker
2,-40.0,80,1,222,0.098010,-402,-400,-2,0,0,SUCCESS marker
3,-40.0,10,0,227,0.100000,-400,-400,0,0,0,SUCCESS marker
3,-40.0,10,1,216,0.095130,-405,-400,-5,0,0,SUCCESS marker
3,-40.0,80,0,227,0.100000,-400,-400,0,0,0,SUCCESS marker
3,-40.0,80,1,216,0.095130,-405,-400,-5,0,0,SUCCESS marker
1,0.0,10,0,1137,0.500000,0,0,0,0,0,SUCCESS marker
1,0.0,10,1,1126,0.495049,-5,0,-5,0,0,SUCCESS marker
1,0.0,80,0,1137,0.500000,0,0,0,0,0,SUCCESS marker
1,0.0,80,1,1126,0.495049,-5,0,-5,0,0,SUCCESS marker
2,0.0,10,0,1137,0.500000,0,0,0,0,0,SUCCESS marker
2,0.0,10,1,1132,0.498010,-2,0,-2,0,0,SUCCESS marker
2,0.0,80,0,1137,0.500000,0,0,0,0,0,SUCCESS marker
2,0.0,80,1,1132,0.498010,-2,0,-2,0,0,SUCCESS marker
3,0.0,10,0,1137,0.500000,0,0,0,0,0,SUCCESS marker
3,0.0,10,1,1126,0.495130,-5,0,-5,0,0,SUCCESS marker
3,0.0,80,0,1137,0.500000,0,0,0,0,0,SUCCESS marker
3,0.0,80,1,1126,0.495130,-5,0,-5,0,0,SUCCESS marker
1,125.0,10,0,3981,1.750000,1249,1250,-1,1,1,SUCCESS marker
1,125.0,10,1,3969,1.745049,1244,1250,-6,1,1,SUCCESS marker
1,125.0,80,0,3981,1.750000,1249,1250,-1,1,1,SUCCESS marker
1,125.0,80,1,3969,1.745049,1244,1250,-6,1,1,SUCCESS marker
2,125.0,10,0,3981,1.750000,1249,1250,-1,1,1,SUCCESS marker
2,125.0,10,1,3976,1.748010,1247,1250,-3,1,1,SUCCESS marker
2,125.0,80,0,3981,1.750000,1249,1250,-1,1,1,SUCCESS marker
2,125.0,80,1,3976,1.748010,1247,1250,-3,1,1,SUCCESS marker
3,125.0,10,0,3981,1.750000,1249,1250,-1,1,1,SUCCESS marker
3,125.0,10,1,3970,1.745130,1245,1250,-5,1,1,SUCCESS marker
3,125.0,80,0,3981,1.750000,1249,1250,-1,1,1,SUCCESS marker
3,125.0,80,1,3970,1.745130,1245,1250,-5,1,1,SUCCESS marker
1,25.0,10,0,1706,0.750000,249,250,-1,0,0,SUCCESS marker
1,25.0,10,1,1694,0.745049,244,250,-6,0,0,SUCCESS marker
1,25.0,80,0,1706,0.750000,249,250,-1,0,0,SUCCESS marker
1,25.0,80,1,1694,0.745049,244,250,-6,0,0,SUCCESS marker
2,25.0,10,0,1706,0.750000,249,250,-1,0,0,SUCCESS marker
2,25.0,10,1,1701,0.748010,247,250,-3,0,0,SUCCESS marker
2,25.0,80,0,1706,0.750000,249,250,-1,0,0,SUCCESS marker
2,25.0,80,1,1701,0.748010,247,250,-3,0,0,SUCCESS marker
3,25.0,10,0,1706,0.750000,249,250,-1,0,0,SUCCESS marker
3,25.0,10,1,1695,0.745130,245,250,-5,0,0,SUCCESS marker
3,25.0,80,0,1706,0.750000,249,250,-1,0,0,SUCCESS marker
3,25.0,80,1,1695,0.745130,245,250,-5,0,0,SUCCESS marker
1,79.9,10,0,2955,1.299000,798,799,-1,0,0,SUCCESS marker
1,79.9,10,1,2943,1.294049,793,799,-6,0,0,SUCCESS marker
1,79.9,80,0,2955,1.299000,798,799,-1,0,0,SUCCESS marker
1,79.9,80,1,2943,1.294049,793,799,-6,0,0,SUCCESS marker
2,79.9,10,0,2955,1.299000,798,799,-1,0,0,SUCCESS marker
2,79.9,10,1,2950,1.297010,796,799,-3,0,0,SUCCESS marker
2,79.9,80,0,2955,1.299000,798,799,-1,0,0,SUCCESS marker
2,79.9,80,1,2950,1.297010,796,799,-3,0,0,SUCCESS marker
3,79.9,10,0,2955,1.299000,798,799,-1,0,0,SUCCESS marker
3,79.9,10,1,2944,1.294130,794,799,-5,0,0,SUCCESS marker
3,79.9,80,0,2955,1.299000,798,799,-1,0,0,SUCCESS marker
3,79.9,80,1,2944,1.294130,794,799,-5,0,0,SUCCESS marker
1,80.1,10,0,2959,1.301000,800,801,-1,0,0,SUCCESS marker
1,80.1,10,1,2948,1.296049,795,801,-6,0,0,SUCCESS marker
1,80.1,80,0,2959,1.301000,800,801,-1,0,0,SUCCESS marker
1,80.1,80,1,2948,1.296049,795,801,-6,0,0,SUCCESS marker
2,80.1,10,0,2959,1.301000,800,801,-1,0,0,SUCCESS marker
2,80.1,10,1,2955,1.299010,798,801,-3,0,0,SUCCESS marker
2,80.1,80,0,2959,1.301000,800,801,-1,0,0,SUCCESS marker
2,80.1,80,1,2955,1.299010,798,801,-3,0,0,SUCCESS marker
3,80.1,10,0,2959,1.301000,800,801,-1,0,0,SUCCESS marker
3,80.1,10,1,2948,1.296130,795,801,-6,0,0,SUCCESS marker
3,80.1,80,0,2959,1.301000,800,801,-1,0,0,SUCCESS marker
3,80.1,80,1,2948,1.296130,795,801,-6,0,0,SUCCESS marker
1,85.0,10,0,3071,1.350000,849,850,-1,1,1,SUCCESS marker
1,85.0,10,1,3059,1.345049,844,850,-6,1,1,SUCCESS marker
1,85.0,80,0,3071,1.350000,849,850,-1,1,1,SUCCESS marker
1,85.0,80,1,3059,1.345049,844,850,-6,1,1,SUCCESS marker
2,85.0,10,0,3071,1.350000,849,850,-1,1,1,SUCCESS marker
2,85.0,10,1,3066,1.348010,847,850,-3,1,1,SUCCESS marker
2,85.0,80,0,3071,1.350000,849,850,-1,1,1,SUCCESS marker
2,85.0,80,1,3066,1.348010,847,850,-3,1,1,SUCCESS marker
3,85.0,10,0,3071,1.350000,849,850,-1,1,1,SUCCESS marker
3,85.0,10,1,3060,1.345130,845,850,-5,1,1,SUCCESS marker
3,85.0,80,0,3071,1.350000,849,850,-1,1,1,SUCCESS marker
3,85.0,80,1,3060,1.345130,845,850,-5,1,1,SUCCESS marker
