time_ns,resetn,m_valid,m_write,m_addr,m_ready,m_rdata,nn_valid,nn_write,nn_addr,nn_ready,nn_rdata,axis_start,axis_busy,axis_done,in_tvalid,in_tready,in_tdata,in_tlast,out_tvalid,out_tready,out_tdata,out_tlast,weight0,weight1,weight2,weight3,weight4,input0,input1,result0,result1
5000,0,0,0,00000000,0,00000000,0,0,000,0,00000000,0,0,0,0,0,0000000000000000,0,0,0,0000000000000000,0,0000000000000000,0000000000000000,0000000000000000,0000000000000000,0000000000000000,0000000000000000,0000000000000000,0000000000000000,0000000000000000
15000,0,0,0,00000000,0,00000000,0,0,000,0,00000000,0,0,0,0,0,0000000000000000,0,0,0,0000000000000000,0,0000000000000000,0000000000000000,0000000000000000,0000000000000000,0000000000000000,0000000000000000,0000000000000000,0000000000000000,0000000000000000
25000,0,0,0,00000000,0,00000000,0,0,000,0,00000000,0,0,0,0,0,0000000000000000,0,0,0,0000000000000000,0,0000000000000000,0000000000000000,0000000000000000,0000000000000000,0000000000000000,0000000000000000,0000000000000000,0000000000000000,0000000000000000
35000,0,0,0,00000000,0,00000000,0,0,000,0,00000000,0,0,0,0,0,0000000000000000,0,0,0,0000000000000000,0,0000000000000000,0000000000000000,0000000000000000,0000000000000000,0000000000000000,0000000000000000,0000000000000000,0000000000000000,0000000000000000
45000,0,0,0,00000000,0,00000000,0,0,000,0,00000000,0,0,0,0,0,0000000000000000,0,0,0,0000000000000000,0,0000000000000000,0000000000000000,0000000000000000,0000000000000000,0000000000000000,0000000000000000,0000000000000000,0000000000000000,0000000000000000
55000,1,0,0,00000000,0,00000000,0,0,000,0,00000000,0,0,0,0,0,0000000000000000,0,0,0,0000000000000000,0,0000000000000000,0000000000000000,0000000000000000,0000000000000000,0000000000000000,0000000000000000,0000000000000000,0000000000000000,0000000000000000
65000,1,0,0,00000000,0,00000000,0,0,000,0,00000000,0,0,0,0,1,0000000000000000,0,0,0,0000000000000000,0,0000000000000000,0000000000000000,0000000000000000,0000000000000000,0000000000000000,0000000000000000,0000000000000000,0000000000000000,0000000000000000
75000,1,0,0,00000000,0,00000000,0,0,000,0,00000000,0,0,0,0,1,0000000000000000,0,0,0,0000000000000000,0,0000000000000000,0000000000000000,0000000000000000,0000000000000000,0000000000000000,0000000000000000,0000000000000000,0000000000000000,0000000000000000
85000,1,0,0,00000000,0,00000000,0,0,000,0,00000000,0,0,0,0,1,0000000000000000,0,0,0,0000000000000000,0,0000000000000000,0000000000000000,0000000000000000,0000000000000000,0000000000000000,0000000000000000,0000000000000000,0000000000000000,0000000000000000
95000,1,0,0,00000000,0,00000000,0,0,000,0,00000000,0,0,0,0,1,0000000000000000,0,0,0,0000000000000000,0,0000000000000000,0000000000000000,0000000000000000,0000000000000000,0000000000000000,0000000000000000,0000000000000000,0000000000000000,0000000000000000
105000,1,1,0,00000000,0,00000000,0,0,000,0,00000000,0,0,0,0,1,0000000000000000,0,0,0,0000000000000000,0,0000000000000000,0000000000000000,0000000000000000,0000000000000000,0000000000000000,0000000000000000,0000000000000000,0000000000000000,0000000000000000
115000,1,1,0,00000000,1,xxxxxxxx,0,0,000,0,00000000,0,0,0,0,1,0000000000000000,0,0,0,0000000000000000,0,0000000000000000,0000000000000000,0000000000000000,0000000000000000,0000000000000000,0000000000000000,0000000000000000,0000000000000000,0000000000000000
125000,1,1,1,00000040,1,xxxxxxxx,0,0,000,0,00000000,0,0,0,0,1,0000000000000000,0,0,0,0000000000000000,0,0000000000000000,0000000000000000,0000000000000000,0000000000000000,0000000000000000,0000000000000000,0000000000000000,0000000000000000,0000000000000000
135000,1,0,0,00000000,0,00000000,0,0,000,0,00000000,0,0,0,0,1,0000000000000000,0,0,0,0000000000000000,0,0000000000000000,0000000000000000,0000000000000000,0000000000000000,0000000000000000,0000000000000000,0000000000000000,0000000000000000,0000000000000000
145000,1,1,0,00000040,0,xxxxxxxx,0,0,000,0,00000000,0,0,0,0,1,0000000000000000,0,0,0,0000000000000000,0,0000000000000000,0000000000000000,0000000000000000,0000000000000000,0000000000000000,0000000000000000,0000000000000000,0000000000000000,0000000000000000
155000,1,1,0,00000040,1,a5a55a5a,0,0,000,0,00000000,0,0,0,0,1,0000000000000000,0,0,0,0000000000000000,0,0000000000000000,0000000000000000,0000000000000000,0000000000000000,0000000000000000,0000000000000000,0000000000000000,0000000000000000,0000000000000000
165000,1,1,0,00000040,1,a5a55a5a,0,0,000,0,00000000,0,0,0,0,1,0000000000000000,0,0,0,0000000000000000,0,0000000000000000,0000000000000000,0000000000000000,0000000000000000,0000000000000000,0000000000000000,0000000000000000,0000000000000000,0000000000000000
175000,1,0,0,00000000,0,00000000,0,0,000,0,00000000,0,0,0,0,1,0000000000000000,0,0,0,0000000000000000,0,0000000000000000,0000000000000000,0000000000000000,0000000000000000,0000000000000000,0000000000000000,0000000000000000,0000000000000000,0000000000000000
185000,1,1,1,00000044,0,a5a55a5a,0,0,000,0,00000000,0,0,0,0,1,0000000000000000,0,0,0,0000000000000000,0,0000000000000000,0000000000000000,0000000000000000,0000000000000000,0000000000000000,0000000000000000,0000000000000000,0000000000000000,0000000000000000
195000,1,1,1,00000044,1,a5a55a5a,0,0,000,0,00000000,0,0,0,0,1,0000000000000000,0,0,0,0000000000000000,0,0000000000000000,0000000000000000,0000000000000000,0000000000000000,0000000000000000,0000000000000000,0000000000000000,0000000000000000,0000000000000000
205000,1,1,1,00000044,1,a5a55a5a,0,0,000,0,00000000,0,0,0,0,1,0000000000000000,0,0,0,0000000000000000,0,0000000000000000,0000000000000000,0000000000000000,0000000000000000,0000000000000000,0000000000000000,0000000000000000,0000000000000000,0000000000000000
215000,1,0,0,00000004,0,00000000,0,0,000,0,00000000,0,0,0,0,1,0000000000000000,0,0,0,0000000000000000,0,0000000000000000,0000000000000000,0000000000000000,0000000000000000,0000000000000000,0000000000000000,0000000000000000,0000000000000000,0000000000000000
225000,1,1,1,00000044,0,a5a55a5a,0,0,000,0,00000000,0,0,0,0,1,0000000000000000,0,0,0,0000000000000000,0,0000000000000000,0000000000000000,0000000000000000,0000000000000000,0000000000000000,0000000000000000,0000000000000000,0000000000000000,0000000000000000
235000,1,1,1,00000044,1,a5a55a5a,0,0,000,0,00000000,0,0,0,0,1,0000000000000000,0,0,0,0000000000000000,0,0000000000000000,0000000000000000,0000000000000000,0000000000000000,0000000000000000,0000000000000000,0000000000000000,0000000000000000,0000000000000000
245000,1,1,1,00000044,1,a5a55a5a,0,0,000,0,00000000,0,0,0,0,1,0000000000000000,0,0,0,0000000000000000,0,0000000000000000,0000000000000000,0000000000000000,0000000000000000,0000000000000000,0000000000000000,0000000000000000,0000000000000000,0000000000000000
255000,1,0,0,00000008,0,00000000,0,0,000,0,00000000,0,0,0,0,1,0000000000000000,0,0,0,0000000000000000,0,0000000000000000,0000000000000000,0000000000000000,0000000000000000,0000000000000000,0000000000000000,0000000000000000,0000000000000000,0000000000000000
265000,1,1,0,00000044,0,a5a55a5a,0,0,000,0,00000000,0,0,0,0,1,0000000000000000,0,0,0,0000000000000000,0,0000000000000000,0000000000000000,0000000000000000,0000000000000000,0000000000000000,0000000000000000,0000000000000000,0000000000000000,0000000000000000
275000,1,1,0,00000044,1,1122aa44,0,0,000,0,00000000,0,0,0,0,1,0000000000000000,0,0,0,0000000000000000,0,0000000000000000,0000000000000000,0000000000000000,0000000000000000,0000000000000000,0000000000000000,0000000000000000,0000000000000000,0000000000000000
285000,1,1,0,00000044,1,1122aa44,0,0,000,0,00000000,0,0,0,0,1,0000000000000000,0,0,0,0000000000000000,0,0000000000000000,0000000000000000,0000000000000000,0000000000000000,0000000000000000,0000000000000000,0000000000000000,0000000000000000,0000000000000000
295000,1,0,0,00000008,0,00000000,0,0,000,0,00000000,0,0,0,0,1,0000000000000000,0,0,0,0000000000000000,0,0000000000000000,0000000000000000,0000000000000000,0000000000000000,0000000000000000,0000000000000000,0000000000000000,0000000000000000,0000000000000000
305000,1,1,1,00000048,0,1122aa44,0,0,000,0,00000000,0,0,0,0,1,0000000000000000,0,0,0,0000000000000000,0,0000000000000000,0000000000000000,0000000000000000,0000000000000000,0000000000000000,0000000000000000,0000000000000000,0000000000000000,0000000000000000
315000,1,1,1,00000048,1,1122aa44,0,0,000,0,00000000,0,0,0,0,1,0000000000000000,0,0,0,0000000000000000,0,0000000000000000,0000000000000000,0000000000000000,0000000000000000,0000000000000000,0000000000000000,0000000000000000,0000000000000000,0000000000000000
325000,1,1,1,00000048,1,1122aa44,0,0,000,0,00000000,0,0,0,0,1,0000000000000000,0,0,0,0000000000000000,0,0000000000000000,0000000000000000,0000000000000000,0000000000000000,0000000000000000,0000000000000000,0000000000000000,0000000000000000,0000000000000000
335000,1,0,0,00000008,0,00000000,0,0,000,0,00000000,0,0,0,0,1,0000000000000000,0,0,0,0000000000000000,0,0000000000000000,0000000000000000,0000000000000000,0000000000000000,0000000000000000,0000000000000000,0000000000000000,0000000000000000,0000000000000000
345000,1,1,1,00000048,0,1122aa44,0,0,000,0,00000000,0,0,0,0,1,0000000000000000,0,0,0,0000000000000000,0,0000000000000000,0000000000000000,0000000000000000,0000000000000000,0000000000000000,0000000000000000,0000000000000000,0000000000000000,0000000000000000
355000,1,1,1,00000048,1,1122aa44,0,0,000,0,00000000,0,0,0,0,1,0000000000000000,0,0,0,0000000000000000,0,0000000000000000,0000000000000000,0000000000000000,0000000000000000,0000000000000000,0000000000000000,0000000000000000,0000000000000000,0000000000000000
365000,1,1,1,00000048,1,1122aa44,0,0,000,0,00000000,0,0,0,0,1,0000000000000000,0,0,0,0000000000000000,0,0000000000000000,0000000000000000,0000000000000000,0000000000000000,0000000000000000,0000000000000000,0000000000000000,0000000000000000,0000000000000000
375000,1,0,0,00000008,0,00000000,0,0,000,0,00000000,0,0,0,0,1,0000000000000000,0,0,0,0000000000000000,0,0000000000000000,0000000000000000,0000000000000000,0000000000000000,0000000000000000,0000000000000000,0000000000000000,0000000000000000,0000000000000000
385000,1,1,0,00000048,0,1122aa44,0,0,000,0,00000000,0,0,0,0,1,0000000000000000,0,0,0,0000000000000000,0,0000000000000000,0000000000000000,0000000000000000,0000000000000000,0000000000000000,0000000000000000,0000000000000000,0000000000000000,0000000000000000
395000,1,1,0,00000048,1,000000ef,0,0,000,0,00000000,0,0,0,0,1,0000000000000000,0,0,0,0000000000000000,0,0000000000000000,0000000000000000,0000000000000000,0000000000000000,0000000000000000,0000000000000000,0000000000000000,0000000000000000,0000000000000000
405000,1,1,0,00000048,1,000000ef,0,0,000,0,00000000,0,0,0,0,1,0000000000000000,0,0,0,0000000000000000,0,0000000000000000,0000000000000000,0000000000000000,0000000000000000,0000000000000000,0000000000000000,0000000000000000,0000000000000000,0000000000000000
415000,1,0,0,00000008,0,00000000,0,0,000,0,00000000,0,0,0,0,1,0000000000000000,0,0,0,0000000000000000,0,0000000000000000,0000000000000000,0000000000000000,0000000000000000,0000000000000000,0000000000000000,0000000000000000,0000000000000000,0000000000000000
425000,1,1,1,00010008,0,00000000,0,0,000,0,00000000,0,0,0,0,1,0000000000000000,0,0,0,0000000000000000,0,0000000000000000,0000000000000000,0000000000000000,0000000000000000,0000000000000000,0000000000000000,0000000000000000,0000000000000000,0000000000000000
435000,1,1,1,00010008,1,00000000,0,0,000,0,00000000,0,0,0,0,1,0000000000000000,0,0,0,0000000000000000,0,0000000000000000,0000000000000000,0000000000000000,0000000000000000,0000000000000000,0000000000000000,0000000000000000,0000000000000000,0000000000000000
445000,1,1,1,00010008,0,00000000,0,0,000,0,00000000,0,0,0,0,1,0000000000000000,0,0,0,0000000000000000,0,0000000000000000,0000000000000000,0000000000000000,0000000000000000,0000000000000000,0000000000000000,0000000000000000,0000000000000000,0000000000000000
455000,1,0,0,00000008,0,00000000,0,0,000,0,00000000,0,0,0,0,1,0000000000000000,0,0,0,0000000000000000,0,0000000000000000,0000000000000000,0000000000000000,0000000000000000,0000000000000000,0000000000000000,0000000000000000,0000000000000000,0000000000000000
465000,1,1,0,00010008,0,00000000,0,0,000,0,00000000,0,0,0,0,1,0000000000000000,0,0,0,0000000000000000,0,0000000000000000,0000000000000000,0000000000000000,0000000000000000,0000000000000000,0000000000000000,0000000000000000,0000000000000000,0000000000000000
475000,1,1,0,00010008,1,ffffffff,0,0,000,0,00000000,0,0,0,0,1,0000000000000000,0,0,0,0000000000000000,0,0000000000000000,0000000000000000,0000000000000000,0000000000000000,0000000000000000,0000000000000000,0000000000000000,0000000000000000,0000000000000000
485000,1,1,0,00010008,0,ffffffff,0,0,000,0,00000000,0,0,0,0,1,0000000000000000,0,0,0,0000000000000000,0,0000000000000000,0000000000000000,0000000000000000,0000000000000000,0000000000000000,0000000000000000,0000000000000000,0000000000000000,0000000000000000
495000,1,0,0,00000008,0,00000000,0,0,000,0,00000000,0,0,0,0,1,0000000000000000,0,0,0,0000000000000000,0,0000000000000000,0000000000000000,0000000000000000,0000000000000000,0000000000000000,0000000000000000,0000000000000000,0000000000000000,0000000000000000
505000,1,1,1,00010000,0,ffffffff,0,0,000,0,00000000,0,0,0,0,1,0000000000000000,0,0,0,0000000000000000,0,0000000000000000,0000000000000000,0000000000000000,0000000000000000,0000000000000000,0000000000000000,0000000000000000,0000000000000000,0000000000000000
515000,1,1,1,00010000,1,ffffffff,0,0,000,0,00000000,0,0,0,0,1,0000000000000000,0,0,0,0000000000000000,0,0000000000000000,0000000000000000,0000000000000000,0000000000000000,0000000000000000,0000000000000000,0000000000000000,0000000000000000,0000000000000000
525000,1,1,1,00010000,0,ffffffff,0,0,000,0,00000000,0,0,0,0,1,0000000000000000,0,0,0,0000000000000000,0,0000000000000000,0000000000000000,0000000000000000,0000000000000000,0000000000000000,0000000000000000,0000000000000000,0000000000000000,0000000000000000
535000,1,0,0,00000008,0,00000000,0,0,000,0,00000000,0,0,0,0,1,0000000000000000,0,0,0,0000000000000000,0,0000000000000000,0000000000000000,0000000000000000,0000000000000000,0000000000000000,0000000000000000,0000000000000000,0000000000000000,0000000000000000
545000,1,1,0,00010000,0,ffffffff,0,0,000,0,00000000,0,0,0,0,1,0000000000000000,0,0,0,0000000000000000,0,0000000000000000,0000000000000000,0000000000000000,0000000000000000,0000000000000000,0000000000000000,0000000000000000,0000000000000000,0000000000000000
555000,1,1,0,00010000,1,cafebabe,0,0,000,0,00000000,0,0,0,0,1,0000000000000000,0,0,0,0000000000000000,0,0000000000000000,0000000000000000,0000000000000000,0000000000000000,0000000000000000,0000000000000000,0000000000000000,0000000000000000,0000000000000000
565000,1,1,0,00010000,0,cafebabe,0,0,000,0,00000000,0,0,0,0,1,0000000000000000,0,0,0,0000000000000000,0,0000000000000000,0000000000000000,0000000000000000,0000000000000000,0000000000000000,0000000000000000,0000000000000000,0000000000000000,0000000000000000
575000,1,0,0,00000008,0,00000000,0,0,000,0,00000000,0,0,0,0,1,0000000000000000,0,0,0,0000000000000000,0,0000000000000000,0000000000000000,0000000000000000,0000000000000000,0000000000000000,0000000000000000,0000000000000000,0000000000000000,0000000000000000
585000,1,0,0,00000008,0,00000000,0,0,000,0,00000000,0,0,0,0,1,0000000000000000,0,0,0,0000000000000000,0,0000000000000000,0000000000000000,0000000000000000,0000000000000000,0000000000000000,0000000000000000,0000000000000000,0000000000000000,0000000000000000
595000,1,0,0,00000008,0,00000000,0,0,000,0,00000000,0,0,0,0,1,0000000000000000,0,0,0,0000000000000000,0,0000000000000000,0000000000000000,0000000000000000,0000000000000000,0000000000000000,0000000000000000,0000000000000000,0000000000000000,0000000000000000
605000,1,0,0,00000008,0,00000000,0,0,000,0,00000000,0,0,0,0,1,0000000000000000,0,0,0,0000000000000000,0,0000000000000000,0000000000000000,0000000000000000,0000000000000000,0000000000000000,0000000000000000,0000000000000000,0000000000000000,0000000000000000
615000,1,1,0,00010004,0,cafebabe,0,0,000,0,00000000,0,0,0,0,1,0000000000000000,0,0,0,0000000000000000,0,0000000000000000,0000000000000000,0000000000000000,0000000000000000,0000000000000000,0000000000000000,0000000000000000,0000000000000000,0000000000000000
625000,1,1,0,00010004,1,13579bdf,0,0,000,0,00000000,0,0,0,0,1,0000000000000000,0,0,0,0000000000000000,0,0000000000000000,0000000000000000,0000000000000000,0000000000000000,0000000000000000,0000000000000000,0000000000000000,0000000000000000,0000000000000000
635000,1,1,0,00010004,0,13579bdf,0,0,000,0,00000000,0,0,0,0,1,0000000000000000,0,0,0,0000000000000000,0,0000000000000000,0000000000000000,0000000000000000,0000000000000000,0000000000000000,0000000000000000,0000000000000000,0000000000000000,0000000000000000
645000,1,0,0,00000008,0,00000000,0,0,000,0,00000000,0,0,0,0,1,0000000000000000,0,0,0,0000000000000000,0,0000000000000000,0000000000000000,0000000000000000,0000000000000000,0000000000000000,0000000000000000,0000000000000000,0000000000000000,0000000000000000
655000,1,0,0,00000008,0,00000000,0,0,000,0,00000000,0,0,0,0,1,0000000000000000,0,0,0,0000000000000000,0,0000000000000000,0000000000000000,0000000000000000,0000000000000000,0000000000000000,0000000000000000,0000000000000000,0000000000000000,0000000000000000
665000,1,0,0,00000008,0,00000000,0,0,000,0,00000000,0,0,0,0,1,0000000000000000,0,0,0,0000000000000000,0,0000000000000000,0000000000000000,0000000000000000,0000000000000000,0000000000000000,0000000000000000,0000000000000000,0000000000000000,0000000000000000
675000,1,0,0,00000008,0,00000000,0,0,000,0,00000000,0,0,0,0,1,0000000000000000,0,0,0,0000000000000000,0,0000000000000000,0000000000000000,0000000000000000,0000000000000000,0000000000000000,0000000000000000,0000000000000000,0000000000000000,0000000000000000
685000,1,1,0,00011000,0,00000000,0,0,000,0,00000000,0,0,0,0,1,0000000000000000,0,0,0,0000000000000000,0,0000000000000000,0000000000000000,0000000000000000,0000000000000000,0000000000000000,0000000000000000,0000000000000000,0000000000000000,0000000000000000
695000,1,1,0,00011000,1,000000d8,0,0,000,0,00000000,0,0,0,0,1,0000000000000000,0,0,0,0000000000000000,0,0000000000000000,0000000000000000,0000000000000000,0000000000000000,0000000000000000,0000000000000000,0000000000000000,0000000000000000,0000000000000000
705000,1,1,0,00011000,0,000000d8,0,0,000,0,00000000,0,0,0,0,1,0000000000000000,0,0,0,0000000000000000,0,0000000000000000,0000000000000000,0000000000000000,0000000000000000,0000000000000000,0000000000000000,0000000000000000,0000000000000000,0000000000000000
715000,1,0,0,00000008,0,00000000,0,0,000,0,00000000,0,0,0,0,1,0000000000000000,0,0,0,0000000000000000,0,0000000000000000,0000000000000000,0000000000000000,0000000000000000,0000000000000000,0000000000000000,0000000000000000,0000000000000000,0000000000000000
725000,1,1,0,00011004,0,000000d8,0,0,000,0,00000000,0,0,0,0,1,0000000000000000,0,0,0,0000000000000000,0,0000000000000000,0000000000000000,0000000000000000,0000000000000000,0000000000000000,0000000000000000,0000000000000000,0000000000000000,0000000000000000
735000,1,1,0,00011004,1,00000005,0,0,000,0,00000000,0,0,0,0,1,0000000000000000,0,0,0,0000000000000000,0,0000000000000000,0000000000000000,0000000000000000,0000000000000000,0000000000000000,0000000000000000,0000000000000000,0000000000000000,0000000000000000
745000,1,1,0,00011004,0,00000005,0,0,000,0,00000000,0,0,0,0,1,0000000000000000,0,0,0,0000000000000000,0,0000000000000000,0000000000000000,0000000000000000,0000000000000000,0000000000000000,0000000000000000,0000000000000000,0000000000000000,0000000000000000
755000,1,0,0,00000008,0,00000000,0,0,000,0,00000000,0,0,0,0,1,0000000000000000,0,0,0,0000000000000000,0,0000000000000000,0000000000000000,0000000000000000,0000000000000000,0000000000000000,0000000000000000,0000000000000000,0000000000000000,0000000000000000
765000,1,1,0,0001100c,0,00000005,0,0,000,0,00000000,0,0,0,0,1,0000000000000000,0,0,0,0000000000000000,0,0000000000000000,0000000000000000,0000000000000000,0000000000000000,0000000000000000,0000000000000000,0000000000000000,0000000000000000,0000000000000000
775000,1,1,0,0001100c,1,52465430,0,0,000,0,00000000,0,0,0,0,1,0000000000000000,0,0,0,0000000000000000,0,0000000000000000,0000000000000000,0000000000000000,0000000000000000,0000000000000000,0000000000000000,0000000000000000,0000000000000000,0000000000000000
785000,1,1,0,0001100c,0,52465430,0,0,000,0,00000000,0,0,0,0,1,0000000000000000,0,0,0,0000000000000000,0,0000000000000000,0000000000000000,0000000000000000,0000000000000000,0000000000000000,0000000000000000,0000000000000000,0000000000000000,0000000000000000
795000,1,0,0,00000008,0,00000000,0,0,000,0,00000000,0,0,0,0,1,0000000000000000,0,0,0,0000000000000000,0,0000000000000000,0000000000000000,0000000000000000,0000000000000000,0000000000000000,0000000000000000,0000000000000000,0000000000000000,0000000000000000
805000,1,1,1,00011008,0,52465430,0,0,000,0,00000000,0,0,0,0,1,0000000000000000,0,0,0,0000000000000000,0,0000000000000000,0000000000000000,0000000000000000,0000000000000000,0000000000000000,0000000000000000,0000000000000000,0000000000000000,0000000000000000
815000,1,1,1,00011008,1,52465430,0,0,000,0,00000000,0,0,0,0,1,0000000000000000,0,0,0,0000000000000000,0,0000000000000000,0000000000000000,0000000000000000,0000000000000000,0000000000000000,0000000000000000,0000000000000000,0000000000000000,0000000000000000
825000,1,1,1,00011008,0,52465430,0,0,000,0,00000000,0,0,0,0,1,0000000000000000,0,0,0,0000000000000000,0,0000000000000000,0000000000000000,0000000000000000,0000000000000000,0000000000000000,0000000000000000,0000000000000000,0000000000000000,0000000000000000
835000,1,0,0,00000008,0,00000000,0,0,000,0,00000000,0,0,0,0,1,0000000000000000,0,0,0,0000000000000000,0,0000000000000000,0000000000000000,0000000000000000,0000000000000000,0000000000000000,0000000000000000,0000000000000000,0000000000000000,0000000000000000
845000,1,1,0,00011008,0,52465430,0,0,000,0,00000000,0,0,0,0,1,0000000000000000,0,0,0,0000000000000000,0,0000000000000000,0000000000000000,0000000000000000,0000000000000000,0000000000000000,0000000000000000,0000000000000000,0000000000000000,0000000000000000
855000,1,1,0,00011008,1,00000001,0,0,000,0,00000000,0,0,0,0,1,0000000000000000,0,0,0,0000000000000000,0,0000000000000000,0000000000000000,0000000000000000,0000000000000000,0000000000000000,0000000000000000,0000000000000000,0000000000000000,0000000000000000
865000,1,1,0,00011008,0,00000001,0,0,000,0,00000000,0,0,0,0,1,0000000000000000,0,0,0,0000000000000000,0,0000000000000000,0000000000000000,0000000000000000,0000000000000000,0000000000000000,0000000000000000,0000000000000000,0000000000000000,0000000000000000
875000,1,0,0,00000008,0,00000000,0,0,000,0,00000000,0,0,0,0,1,0000000000000000,0,0,0,0000000000000000,0,0000000000000000,0000000000000000,0000000000000000,0000000000000000,0000000000000000,0000000000000000,0000000000000000,0000000000000000,0000000000000000
885000,1,1,1,00011008,0,00000001,0,0,000,0,00000000,0,0,0,0,1,0000000000000000,0,0,0,0000000000000000,0,0000000000000000,0000000000000000,0000000000000000,0000000000000000,0000000000000000,0000000000000000,0000000000000000,0000000000000000,0000000000000000
895000,1,1,1,00011008,1,00000001,0,0,000,0,00000000,0,0,0,0,1,0000000000000000,0,0,0,0000000000000000,0,0000000000000000,0000000000000000,0000000000000000,0000000000000000,0000000000000000,0000000000000000,0000000000000000,0000000000000000,0000000000000000
905000,1,1,1,00011008,0,00000001,0,0,000,0,00000000,0,0,0,0,1,0000000000000000,0,0,0,0000000000000000,0,0000000000000000,0000000000000000,0000000000000000,0000000000000000,0000000000000000,0000000000000000,0000000000000000,0000000000000000,0000000000000000
915000,1,0,0,00000008,0,00000000,0,0,000,0,00000000,0,0,0,0,1,0000000000000000,0,0,0,0000000000000000,0,0000000000000000,0000000000000000,0000000000000000,0000000000000000,0000000000000000,0000000000000000,0000000000000000,0000000000000000,0000000000000000
925000,1,0,0,00000008,0,00000000,0,0,000,0,00000000,0,0,0,0,1,0000000000000000,0,0,0,0000000000000000,0,0000000000000000,0000000000000000,0000000000000000,0000000000000000,0000000000000000,0000000000000000,0000000000000000,0000000000000000,0000000000000000
935000,1,0,0,00000008,0,00000000,0,0,000,0,00000000,0,0,0,0,1,0000000000000000,0,0,0,0000000000000000,0,0000000000000000,0000000000000000,0000000000000000,0000000000000000,0000000000000000,0000000000000000,0000000000000000,0000000000000000,0000000000000000
945000,1,0,0,00000008,0,00000000,0,0,000,0,00000000,0,0,0,0,1,0000000000000000,0,0,0,0000000000000000,0,0000000000000000,0000000000000000,0000000000000000,0000000000000000,0000000000000000,0000000000000000,0000000000000000,0000000000000000,0000000000000000
955000,1,1,0,00012000,0,00000000,0,0,000,0,00000000,0,0,0,0,1,0000000000000000,0,0,0,0000000000000000,0,0000000000000000,0000000000000000,0000000000000000,0000000000000000,0000000000000000,0000000000000000,0000000000000000,0000000000000000,0000000000000000
965000,1,1,0,00012000,0,00000000,0,0,000,0,00000000,0,0,0,0,1,0000000000000000,0,0,0,0000000000000000,0,0000000000000000,0000000000000000,0000000000000000,0000000000000000,0000000000000000,0000000000000000,0000000000000000,0000000000000000,0000000000000000
975000,1,1,0,00012000,1,00000050,0,0,000,0,00000000,0,0,0,0,1,0000000000000000,0,0,0,0000000000000000,0,0000000000000000,0000000000000000,0000000000000000,0000000000000000,0000000000000000,0000000000000000,0000000000000000,0000000000000000,0000000000000000
985000,1,1,0,00012000,0,00000050,0,0,000,0,00000000,0,0,0,0,1,0000000000000000,0,0,0,0000000000000000,0,0000000000000000,0000000000000000,0000000000000000,0000000000000000,0000000000000000,0000000000000000,0000000000000000,0000000000000000,0000000000000000
995000,1,0,0,00000008,0,00000000,0,0,000,0,00000000,0,0,0,0,1,0000000000000000,0,0,0,0000000000000000,0,0000000000000000,0000000000000000,0000000000000000,0000000000000000,0000000000000000,0000000000000000,0000000000000000,0000000000000000,0000000000000000
1005000,1,1,0,00012004,0,00000050,0,0,000,0,00000000,0,0,0,0,1,0000000000000000,0,0,0,0000000000000000,0,0000000000000000,0000000000000000,0000000000000000,0000000000000000,0000000000000000,0000000000000000,0000000000000000,0000000000000000,0000000000000000
1015000,1,1,0,00012004,0,00000050,0,0,000,0,00000000,0,0,0,0,1,0000000000000000,0,0,0,0000000000000000,0,0000000000000000,0000000000000000,0000000000000000,0000000000000000,0000000000000000,0000000000000000,0000000000000000,0000000000000000,0000000000000000
1025000,1,1,0,00012004,1,00000e74,0,0,000,0,00000000,0,0,0,0,1,0000000000000000,0,0,0,0000000000000000,0,0000000000000000,0000000000000000,0000000000000000,0000000000000000,0000000000000000,0000000000000000,0000000000000000,0000000000000000,0000000000000000
1035000,1,1,0,00012004,0,00000e74,0,0,000,0,00000000,0,0,0,0,1,0000000000000000,0,0,0,0000000000000000,0,0000000000000000,0000000000000000,0000000000000000,0000000000000000,0000000000000000,0000000000000000,0000000000000000,0000000000000000,0000000000000000
1045000,1,0,0,00000008,0,00000000,0,0,000,0,00000000,0,0,0,0,1,0000000000000000,0,0,0,0000000000000000,0,0000000000000000,0000000000000000,0000000000000000,0000000000000000,0000000000000000,0000000000000000,0000000000000000,0000000000000000,0000000000000000
1055000,1,1,0,00012008,0,00000e74,0,0,000,0,00000000,0,0,0,0,1,0000000000000000,0,0,0,0000000000000000,0,0000000000000000,0000000000000000,0000000000000000,0000000000000000,0000000000000000,0000000000000000,0000000000000000,0000000000000000,0000000000000000
1065000,1,1,0,00012008,0,00000e74,0,0,000,0,00000000,0,0,0,0,1,0000000000000000,0,0,0,0000000000000000,0,0000000000000000,0000000000000000,0000000000000000,0000000000000000,0000000000000000,0000000000000000,0000000000000000,0000000000000000,0000000000000000
1075000,1,1,0,00012008,1,0000031b,0,0,000,0,00000000,0,0,0,0,1,0000000000000000,0,0,0,0000000000000000,0,0000000000000000,0000000000000000,0000000000000000,0000000000000000,0000000000000000,0000000000000000,0000000000000000,0000000000000000,0000000000000000
1085000,1,1,0,00012008,0,0000031b,0,0,000,0,00000000,0,0,0,0,1,0000000000000000,0,0,0,0000000000000000,0,0000000000000000,0000000000000000,0000000000000000,0000000000000000,0000000000000000,0000000000000000,0000000000000000,0000000000000000,0000000000000000
1095000,1,0,0,00000008,0,00000000,0,0,000,0,00000000,0,0,0,0,1,0000000000000000,0,0,0,0000000000000000,0,0000000000000000,0000000000000000,0000000000000000,0000000000000000,0000000000000000,0000000000000000,0000000000000000,0000000000000000,0000000000000000
1105000,1,1,0,0001200c,0,0000031b,0,0,000,0,00000000,0,0,0,0,1,0000000000000000,0,0,0,0000000000000000,0,0000000000000000,0000000000000000,0000000000000000,0000000000000000,0000000000000000,0000000000000000,0000000000000000,0000000000000000,0000000000000000
1115000,1,1,0,0001200c,0,0000031b,0,0,000,0,00000000,0,0,0,0,1,0000000000000000,0,0,0,0000000000000000,0,0000000000000000,0000000000000000,0000000000000000,0000000000000000,0000000000000000,0000000000000000,0000000000000000,0000000000000000,0000000000000000
1125000,1,1,0,0001200c,1,00000001,0,0,000,0,00000000,0,0,0,0,1,0000000000000000,0,0,0,0000000000000000,0,0000000000000000,0000000000000000,0000000000000000,0000000000000000,0000000000000000,0000000000000000,0000000000000000,0000000000000000,0000000000000000
1135000,1,1,0,0001200c,0,00000001,0,0,000,0,00000000,0,0,0,0,1,0000000000000000,0,0,0,0000000000000000,0,0000000000000000,0000000000000000,0000000000000000,0000000000000000,0000000000000000,0000000000000000,0000000000000000,0000000000000000,0000000000000000
1145000,1,0,0,00000008,0,00000000,0,0,000,0,00000000,0,0,0,0,1,0000000000000000,0,0,0,0000000000000000,0,0000000000000000,0000000000000000,0000000000000000,0000000000000000,0000000000000000,0000000000000000,0000000000000000,0000000000000000,0000000000000000
1155000,1,0,0,00000008,0,00000000,0,0,000,0,00000000,0,0,0,0,1,0000000000000000,0,0,0,0000000000000000,0,0000000000000000,0000000000000000,0000000000000000,0000000000000000,0000000000000000,0000000000000000,0000000000000000,0000000000000000,0000000000000000
1165000,1,0,0,00000008,0,00000000,0,0,000,0,00000000,0,0,0,0,1,0000000000000000,0,0,0,0000000000000000,0,0000000000000000,0000000000000000,0000000000000000,0000000000000000,0000000000000000,0000000000000000,0000000000000000,0000000000000000,0000000000000000
1175000,1,0,0,00000008,0,00000000,0,0,000,0,00000000,0,0,0,0,1,0000000000000000,0,0,0,0000000000000000,0,0000000000000000,0000000000000000,0000000000000000,0000000000000000,0000000000000000,0000000000000000,0000000000000000,0000000000000000,0000000000000000
1185000,1,1,0,0001200c,0,00000001,0,0,000,0,00000000,0,0,0,0,1,0000000000000000,0,0,0,0000000000000000,0,0000000000000000,0000000000000000,0000000000000000,0000000000000000,0000000000000000,0000000000000000,0000000000000000,0000000000000000,0000000000000000
1195000,1,1,0,0001200c,0,00000001,0,0,000,0,00000000,0,0,0,0,1,0000000000000000,0,0,0,0000000000000000,0,0000000000000000,0000000000000000,0000000000000000,0000000000000000,0000000000000000,0000000000000000,0000000000000000,0000000000000000,0000000000000000
1205000,1,1,0,0001200c,1,00000003,0,0,000,0,00000000,0,0,0,0,1,0000000000000000,0,0,0,0000000000000000,0,0000000000000000,0000000000000000,0000000000000000,0000000000000000,0000000000000000,0000000000000000,0000000000000000,0000000000000000,0000000000000000
1215000,1,1,0,0001200c,0,00000003,0,0,000,0,00000000,0,0,0,0,1,0000000000000000,0,0,0,0000000000000000,0,0000000000000000,0000000000000000,0000000000000000,0000000000000000,0000000000000000,0000000000000000,0000000000000000,0000000000000000,0000000000000000
1225000,1,0,0,00000008,0,00000000,0,0,000,0,00000000,0,0,0,0,1,0000000000000000,0,0,0,0000000000000000,0,0000000000000000,0000000000000000,0000000000000000,0000000000000000,0000000000000000,0000000000000000,0000000000000000,0000000000000000,0000000000000000
1235000,1,0,0,00000008,0,00000000,0,0,000,0,00000000,0,0,0,0,1,0000000000000000,0,0,0,0000000000000000,0,0000000000000000,0000000000000000,0000000000000000,0000000000000000,0000000000000000,0000000000000000,0000000000000000,0000000000000000,0000000000000000
1245000,1,0,0,00000008,0,00000000,0,0,000,0,00000000,0,0,0,0,1,0000000000000000,0,0,0,0000000000000000,0,0000000000000000,0000000000000000,0000000000000000,0000000000000000,0000000000000000,0000000000000000,0000000000000000,0000000000000000,0000000000000000
1255000,1,0,0,00000008,0,00000000,0,0,000,0,00000000,0,0,0,0,1,0000000000000000,0,0,0,0000000000000000,0,0000000000000000,0000000000000000,0000000000000000,0000000000000000,0000000000000000,0000000000000000,0000000000000000,0000000000000000,0000000000000000
1265000,1,1,0,00013000,0,00000000,0,0,000,0,00000000,0,0,0,0,1,0000000000000000,0,0,0,0000000000000000,0,0000000000000000,0000000000000000,0000000000000000,0000000000000000,0000000000000000,0000000000000000,0000000000000000,0000000000000000,0000000000000000
1275000,1,1,0,00013000,1,00000000,0,0,000,0,00000000,0,0,0,0,1,0000000000000000,0,0,0,0000000000000000,0,0000000000000000,0000000000000000,0000000000000000,0000000000000000,0000000000000000,0000000000000000,0000000000000000,0000000000000000,0000000000000000
1285000,1,1,0,00013000,1,00000000,0,0,000,0,00000000,0,0,0,0,1,0000000000000000,0,0,0,0000000000000000,0,0000000000000000,0000000000000000,0000000000000000,0000000000000000,0000000000000000,0000000000000000,0000000000000000,0000000000000000,0000000000000000
1295000,1,0,0,00000008,0,00000000,0,0,000,0,00000000,0,0,0,0,1,0000000000000000,0,0,0,0000000000000000,0,0000000000000000,0000000000000000,0000000000000000,0000000000000000,0000000000000000,0000000000000000,0000000000000000,0000000000000000,0000000000000000
1305000,1,1,1,00013000,0,00000000,0,0,000,0,00000000,0,0,0,0,1,0000000000000000,0,0,0,0000000000000000,0,0000000000000000,0000000000000000,0000000000000000,0000000000000000,0000000000000000,0000000000000000,0000000000000000,0000000000000000,0000000000000000
1315000,1,1,1,00013000,1,00000000,0,0,000,0,00000000,0,0,0,0,1,0000000000000000,0,0,0,0000000000000000,0,0000000000000000,0000000000000000,0000000000000000,0000000000000000,0000000000000000,0000000000000000,0000000000000000,0000000000000000,0000000000000000
1325000,1,1,1,00013000,1,00000000,0,0,000,0,00000000,0,0,0,0,1,0000000000000000,0,0,0,0000000000000000,0,0000000000000000,0000000000000000,0000000000000000,0000000000000000,0000000000000000,0000000000000000,0000000000000000,0000000000000000,0000000000000000
1335000,1,0,0,00000008,0,00000000,0,0,000,0,00000000,0,0,0,0,1,0000000000000000,0,0,0,0000000000000000,0,0000000000000000,0000000000000000,0000000000000000,0000000000000000,0000000000000000,0000000000000000,0000000000000000,0000000000000000,0000000000000000
1345000,1,1,0,00013000,0,00000000,0,0,000,0,00000000,0,0,0,0,1,0000000000000000,0,0,0,0000000000000000,0,0000000000000000,0000000000000000,0000000000000000,0000000000000000,0000000000000000,0000000000000000,0000000000000000,0000000000000000,0000000000000000
1355000,1,1,0,00013000,1,00000003,0,0,000,0,00000000,0,0,0,0,1,0000000000000000,0,0,0,0000000000000000,0,0000000000000000,0000000000000000,0000000000000000,0000000000000000,0000000000000000,0000000000000000,0000000000000000,0000000000000000,0000000000000000
1365000,1,1,0,00013000,1,00000003,0,0,000,0,00000000,0,0,0,0,1,0000000000000000,0,0,0,0000000000000000,0,0000000000000000,0000000000000000,0000000000000000,0000000000000000,0000000000000000,0000000000000000,0000000000000000,0000000000000000,0000000000000000
1375000,1,0,0,00000008,0,00000000,0,0,000,0,00000000,0,0,0,0,1,0000000000000000,0,0,0,0000000000000000,0,0000000000000000,0000000000000000,0000000000000000,0000000000000000,0000000000000000,0000000000000000,0000000000000000,0000000000000000,0000000000000000
1385000,1,1,1,00013010,0,00000003,0,0,000,0,00000000,0,0,0,0,1,0000000000000000,0,0,0,0000000000000000,0,0000000000000000,0000000000000000,0000000000000000,0000000000000000,0000000000000000,0000000000000000,0000000000000000,0000000000000000,0000000000000000
1395000,1,1,1,00013010,1,00000003,0,0,000,0,00000000,0,0,0,0,1,0000000000000000,0,0,0,0000000000000000,0,0000000000000000,0000000000000000,0000000000000000,0000000000000000,0000000000000000,0000000000000000,0000000000000000,0000000000000000,0000000000000000
1405000,1,1,1,00013010,1,00000003,0,0,000,0,00000000,0,0,0,0,1,0000000000000000,0,0,0,0000000000000000,0,0000000000000000,0000000000000000,0000000000000000,0000000000000000,0000000000000000,0000000000000000,0000000000000000,0000000000000000,0000000000000000
1415000,1,0,0,00000008,0,00000000,0,0,000,0,00000000,0,0,0,0,1,0000000000000000,0,0,0,0000000000000000,0,0000000000000000,0000000000000000,0000000000000000,0000000000000000,0000000000000000,0000000000000000,0000000000000000,0000000000000000,0000000000000000
1425000,1,1,0,00013010,0,00000003,0,0,000,0,00000000,0,0,0,0,1,0000000000000000,0,0,0,0000000000000000,0,0000000000000000,0000000000000000,0000000000000000,0000000000000000,0000000000000000,0000000000000000,0000000000000000,0000000000000000,0000000000000000
1435000,1,1,0,00013010,1,00123456,0,0,000,0,00000000,0,0,0,0,1,0000000000000000,0,0,0,0000000000000000,0,0000000000000000,0000000000000000,0000000000000000,0000000000000000,0000000000000000,0000000000000000,0000000000000000,0000000000000000,0000000000000000
1445000,1,1,0,00013010,1,00123456,0,0,000,0,00000000,0,0,0,0,1,0000000000000000,0,0,0,0000000000000000,0,0000000000000000,0000000000000000,0000000000000000,0000000000000000,0000000000000000,0000000000000000,0000000000000000,0000000000000000,0000000000000000
1455000,1,0,0,00000008,0,00000000,0,0,000,0,00000000,0,0,0,0,1,0000000000000000,0,0,0,0000000000000000,0,0000000000000000,0000000000000000,0000000000000000,0000000000000000,0000000000000000,0000000000000000,0000000000000000,0000000000000000,0000000000000000
1465000,1,1,0,00013008,0,00123456,0,0,000,0,00000000,0,0,0,0,1,0000000000000000,0,0,0,0000000000000000,0,0000000000000000,0000000000000000,0000000000000000,0000000000000000,0000000000000000,0000000000000000,0000000000000000,0000000000000000,0000000000000000
1475000,1,1,0,00013008,1,00000000,0,0,000,0,00000000,0,0,0,0,1,0000000000000000,0,0,0,0000000000000000,0,0000000000000000,0000000000000000,0000000000000000,0000000000000000,0000000000000000,0000000000000000,0000000000000000,0000000000000000,0000000000000000
1485000,1,1,0,00013008,1,00000000,0,0,000,0,00000000,0,0,0,0,1,0000000000000000,0,0,0,0000000000000000,0,0000000000000000,0000000000000000,0000000000000000,0000000000000000,0000000000000000,0000000000000000,0000000000000000,0000000000000000,0000000000000000
1495000,1,0,0,00000008,0,00000000,0,0,000,0,00000000,0,0,0,0,1,0000000000000000,0,0,0,0000000000000000,0,0000000000000000,0000000000000000,0000000000000000,0000000000000000,0000000000000000,0000000000000000,0000000000000000,0000000000000000,0000000000000000
1505000,1,1,0,0001300c,0,00000000,0,0,000,0,00000000,0,0,0,0,1,0000000000000000,0,0,0,0000000000000000,0,0000000000000000,0000000000000000,0000000000000000,0000000000000000,0000000000000000,0000000000000000,0000000000000000,0000000000000000,0000000000000000
1515000,1,1,0,0001300c,1,00000000,0,0,000,0,00000000,0,0,0,0,1,0000000000000000,0,0,0,0000000000000000,0,0000000000000000,0000000000000000,0000000000000000,0000000000000000,0000000000000000,0000000000000000,0000000000000000,0000000000000000,0000000000000000
1525000,1,1,0,0001300c,1,00000000,0,0,000,0,00000000,0,0,0,0,1,0000000000000000,0,0,0,0000000000000000,0,0000000000000000,0000000000000000,0000000000000000,0000000000000000,0000000000000000,0000000000000000,0000000000000000,0000000000000000,0000000000000000
1535000,1,0,0,00000008,0,00000000,0,0,000,0,00000000,0,0,0,0,1,0000000000000000,0,0,0,0000000000000000,0,0000000000000000,0000000000000000,0000000000000000,0000000000000000,0000000000000000,0000000000000000,0000000000000000,0000000000000000,0000000000000000
1545000,1,1,0,00013004,0,00000000,0,0,000,0,00000000,0,0,0,0,1,0000000000000000,0,0,0,0000000000000000,0,0000000000000000,0000000000000000,0000000000000000,0000000000000000,0000000000000000,0000000000000000,0000000000000000,0000000000000000,0000000000000000
1555000,1,1,0,00013004,1,0000000c,0,0,000,0,00000000,0,0,0,0,1,0000000000000000,0,0,0,0000000000000000,0,0000000000000000,0000000000000000,0000000000000000,0000000000000000,0000000000000000,0000000000000000,0000000000000000,0000000000000000,0000000000000000
1565000,1,1,0,00013004,1,0000000c,0,0,000,0,00000000,0,0,0,0,1,0000000000000000,0,0,0,0000000000000000,0,0000000000000000,0000000000000000,0000000000000000,0000000000000000,0000000000000000,0000000000000000,0000000000000000,0000000000000000,0000000000000000
1575000,1,0,0,00000008,0,00000000,0,0,000,0,00000000,0,0,0,0,1,0000000000000000,0,0,0,0000000000000000,0,0000000000000000,0000000000000000,0000000000000000,0000000000000000,0000000000000000,0000000000000000,0000000000000000,0000000000000000,0000000000000000
1585000,1,1,1,00013000,0,0000000c,0,0,000,0,00000000,0,0,0,0,1,0000000000000000,0,0,0,0000000000000000,0,0000000000000000,0000000000000000,0000000000000000,0000000000000000,0000000000000000,0000000000000000,0000000000000000,0000000000000000,0000000000000000
1595000,1,1,1,00013000,1,0000000c,0,0,000,0,00000000,0,0,0,0,1,0000000000000000,0,0,0,0000000000000000,0,0000000000000000,0000000000000000,0000000000000000,0000000000000000,0000000000000000,0000000000000000,0000000000000000,0000000000000000,0000000000000000
1605000,1,1,1,00013000,1,0000000c,0,0,000,0,00000000,0,0,0,0,1,0000000000000000,0,0,0,0000000000000000,0,0000000000000000,0000000000000000,0000000000000000,0000000000000000,0000000000000000,0000000000000000,0000000000000000,0000000000000000,0000000000000000
1615000,1,0,0,00000008,0,00000000,0,0,000,0,00000000,0,0,0,0,1,0000000000000000,0,0,0,0000000000000000,0,0000000000000000,0000000000000000,0000000000000000,0000000000000000,0000000000000000,0000000000000000,0000000000000000,0000000000000000,0000000000000000
1625000,1,1,0,00014004,0,00000000,1,0,004,0,00000000,0,0,0,0,1,0000000000000000,0,0,0,0000000000000000,0,0000000000000000,0000000000000000,0000000000000000,0000000000000000,0000000000000000,0000000000000000,0000000000000000,0000000000000000,0000000000000000
1635000,1,1,0,00014004,1,00000000,1,0,004,1,00000000,0,0,0,0,1,0000000000000000,0,0,0,0000000000000000,0,0000000000000000,0000000000000000,0000000000000000,0000000000000000,0000000000000000,0000000000000000,0000000000000000,0000000000000000,0000000000000000
1645000,1,1,0,00014004,1,00000000,1,0,004,1,00000000,0,0,0,0,1,0000000000000000,0,0,0,0000000000000000,0,0000000000000000,0000000000000000,0000000000000000,0000000000000000,0000000000000000,0000000000000000,0000000000000000,0000000000000000,0000000000000000
1655000,1,0,0,00000008,0,00000000,0,0,000,1,00000000,0,0,0,0,1,0000000000000000,0,0,0,0000000000000000,0,0000000000000000,0000000000000000,0000000000000000,0000000000000000,0000000000000000,0000000000000000,0000000000000000,0000000000000000,0000000000000000
1665000,1,1,1,00014010,0,00000000,1,1,010,0,00000000,0,0,0,0,1,0000000000000000,0,0,0,0000000000000000,0,0000000000000000,0000000000000000,0000000000000000,0000000000000000,0000000000000000,0000000000000000,0000000000000000,0000000000000000,0000000000000000
1675000,1,1,1,00014010,1,55667788,1,1,010,1,55667788,0,0,0,0,1,0000000000000000,0,0,0,0000000000000000,0,0000000055667788,0000000000000000,0000000000000000,0000000000000000,0000000000000000,0000000000000000,0000000000000000,0000000000000000,0000000000000000
1685000,1,1,1,00014010,1,55667788,1,1,010,1,55667788,0,0,0,0,1,0000000000000000,0,0,0,0000000000000000,0,0000000055667788,0000000000000000,0000000000000000,0000000000000000,0000000000000000,0000000000000000,0000000000000000,0000000000000000,0000000000000000
1695000,1,0,0,00000008,0,00000000,0,0,000,1,00000000,0,0,0,0,1,0000000000000000,0,0,0,0000000000000000,0,0000000055667788,0000000000000000,0000000000000000,0000000000000000,0000000000000000,0000000000000000,0000000000000000,0000000000000000,0000000000000000
1705000,1,1,1,00014014,0,00000000,1,1,014,0,00000000,0,0,0,0,1,0000000000000000,0,0,0,0000000000000000,0,0000000055667788,0000000000000000,0000000000000000,0000000000000000,0000000000000000,0000000000000000,0000000000000000,0000000000000000,0000000000000000
1715000,1,1,1,00014014,1,11223344,1,1,014,1,11223344,0,0,0,0,1,0000000000000000,0,0,0,0000000000000000,0,1122334455667788,0000000000000000,0000000000000000,0000000000000000,0000000000000000,0000000000000000,0000000000000000,0000000000000000,0000000000000000
1725000,1,1,1,00014014,1,11223344,1,1,014,1,11223344,0,0,0,0,1,0000000000000000,0,0,0,0000000000000000,0,1122334455667788,0000000000000000,0000000000000000,0000000000000000,0000000000000000,0000000000000000,0000000000000000,0000000000000000,0000000000000000
1735000,1,0,0,00000008,0,00000000,0,0,000,1,00000000,0,0,0,0,1,0000000000000000,0,0,0,0000000000000000,0,1122334455667788,0000000000000000,0000000000000000,0000000000000000,0000000000000000,0000000000000000,0000000000000000,0000000000000000,0000000000000000
1745000,1,1,0,00014010,0,55667788,1,0,010,0,55667788,0,0,0,0,1,0000000000000000,0,0,0,0000000000000000,0,1122334455667788,0000000000000000,0000000000000000,0000000000000000,0000000000000000,0000000000000000,0000000000000000,0000000000000000,0000000000000000
1755000,1,1,0,00014010,1,55667788,1,0,010,1,55667788,0,0,0,0,1,0000000000000000,0,0,0,0000000000000000,0,1122334455667788,0000000000000000,0000000000000000,0000000000000000,0000000000000000,0000000000000000,0000000000000000,0000000000000000,0000000000000000
1765000,1,1,0,00014010,1,55667788,1,0,010,1,55667788,0,0,0,0,1,0000000000000000,0,0,0,0000000000000000,0,1122334455667788,0000000000000000,0000000000000000,0000000000000000,0000000000000000,0000000000000000,0000000000000000,0000000000000000,0000000000000000
1775000,1,0,0,00000008,0,00000000,0,0,000,1,00000000,0,0,0,0,1,0000000000000000,0,0,0,0000000000000000,0,1122334455667788,0000000000000000,0000000000000000,0000000000000000,0000000000000000,0000000000000000,0000000000000000,0000000000000000,0000000000000000
1785000,1,1,0,00014014,0,11223344,1,0,014,0,11223344,0,0,0,0,1,0000000000000000,0,0,0,0000000000000000,0,1122334455667788,0000000000000000,0000000000000000,0000000000000000,0000000000000000,0000000000000000,0000000000000000,0000000000000000,0000000000000000
1795000,1,1,0,00014014,1,11223344,1,0,014,1,11223344,0,0,0,0,1,0000000000000000,0,0,0,0000000000000000,0,1122334455667788,0000000000000000,0000000000000000,0000000000000000,0000000000000000,0000000000000000,0000000000000000,0000000000000000,0000000000000000
1805000,1,1,0,00014014,1,11223344,1,0,014,1,11223344,0,0,0,0,1,0000000000000000,0,0,0,0000000000000000,0,1122334455667788,0000000000000000,0000000000000000,0000000000000000,0000000000000000,0000000000000000,0000000000000000,0000000000000000,0000000000000000
1815000,1,0,0,00000008,0,00000000,0,0,000,1,00000000,0,0,0,0,1,0000000000000000,0,0,0,0000000000000000,0,1122334455667788,0000000000000000,0000000000000000,0000000000000000,0000000000000000,0000000000000000,0000000000000000,0000000000000000,0000000000000000
1825000,1,1,1,00014018,0,00000000,1,1,018,0,00000000,0,0,0,0,1,0000000000000000,0,0,0,0000000000000000,0,1122334455667788,0000000000000000,0000000000000000,0000000000000000,0000000000000000,0000000000000000,0000000000000000,0000000000000000,0000000000000000
1835000,1,1,1,00014018,1,ddeeff00,1,1,018,1,ddeeff00,0,0,0,0,1,0000000000000000,0,0,0,0000000000000000,0,1122334455667788,00000000ddeeff00,0000000000000000,0000000000000000,0000000000000000,0000000000000000,0000000000000000,0000000000000000,0000000000000000
1845000,1,1,1,00014018,1,ddeeff00,1,1,018,1,ddeeff00,0,0,0,0,1,0000000000000000,0,0,0,0000000000000000,0,1122334455667788,00000000ddeeff00,0000000000000000,0000000000000000,0000000000000000,0000000000000000,0000000000000000,0000000000000000,0000000000000000
1855000,1,0,0,00000008,0,00000000,0,0,000,1,00000000,0,0,0,0,1,0000000000000000,0,0,0,0000000000000000,0,1122334455667788,00000000ddeeff00,0000000000000000,0000000000000000,0000000000000000,0000000000000000,0000000000000000,0000000000000000,0000000000000000
1865000,1,1,1,0001401c,0,00000000,1,1,01c,0,00000000,0,0,0,0,1,0000000000000000,0,0,0,0000000000000000,0,1122334455667788,00000000ddeeff00,0000000000000000,0000000000000000,0000000000000000,0000000000000000,0000000000000000,0000000000000000,0000000000000000
1875000,1,1,1,0001401c,1,99aabbcc,1,1,01c,1,99aabbcc,0,0,0,0,1,0000000000000000,0,0,0,0000000000000000,0,1122334455667788,99aabbccddeeff00,0000000000000000,0000000000000000,0000000000000000,0000000000000000,0000000000000000,0000000000000000,0000000000000000
1885000,1,1,1,0001401c,1,99aabbcc,1,1,01c,1,99aabbcc,0,0,0,0,1,0000000000000000,0,0,0,0000000000000000,0,1122334455667788,99aabbccddeeff00,0000000000000000,0000000000000000,0000000000000000,0000000000000000,0000000000000000,0000000000000000,0000000000000000
1895000,1,0,0,00000008,0,00000000,0,0,000,1,00000000,0,0,0,0,1,0000000000000000,0,0,0,0000000000000000,0,1122334455667788,99aabbccddeeff00,0000000000000000,0000000000000000,0000000000000000,0000000000000000,0000000000000000,0000000000000000,0000000000000000
1905000,1,1,0,00014018,0,ddeeff00,1,0,018,0,ddeeff00,0,0,0,0,1,0000000000000000,0,0,0,0000000000000000,0,1122334455667788,99aabbccddeeff00,0000000000000000,0000000000000000,0000000000000000,0000000000000000,0000000000000000,0000000000000000,0000000000000000
1915000,1,1,0,00014018,1,ddeeff00,1,0,018,1,ddeeff00,0,0,0,0,1,0000000000000000,0,0,0,0000000000000000,0,1122334455667788,99aabbccddeeff00,0000000000000000,0000000000000000,0000000000000000,0000000000000000,0000000000000000,0000000000000000,0000000000000000
1925000,1,1,0,00014018,1,ddeeff00,1,0,018,1,ddeeff00,0,0,0,0,1,0000000000000000,0,0,0,0000000000000000,0,1122334455667788,99aabbccddeeff00,0000000000000000,0000000000000000,0000000000000000,0000000000000000,0000000000000000,0000000000000000,0000000000000000
1935000,1,0,0,00000008,0,00000000,0,0,000,1,00000000,0,0,0,0,1,0000000000000000,0,0,0,0000000000000000,0,1122334455667788,99aabbccddeeff00,0000000000000000,0000000000000000,0000000000000000,0000000000000000,0000000000000000,0000000000000000,0000000000000000
1945000,1,1,0,0001401c,0,99aabbcc,1,0,01c,0,99aabbcc,0,0,0,0,1,0000000000000000,0,0,0,0000000000000000,0,1122334455667788,99aabbccddeeff00,0000000000000000,0000000000000000,0000000000000000,0000000000000000,0000000000000000,0000000000000000,0000000000000000
1955000,1,1,0,0001401c,1,99aabbcc,1,0,01c,1,99aabbcc,0,0,0,0,1,0000000000000000,0,0,0,0000000000000000,0,1122334455667788,99aabbccddeeff00,0000000000000000,0000000000000000,0000000000000000,0000000000000000,0000000000000000,0000000000000000,0000000000000000
1965000,1,1,0,0001401c,1,99aabbcc,1,0,01c,1,99aabbcc,0,0,0,0,1,0000000000000000,0,0,0,0000000000000000,0,1122334455667788,99aabbccddeeff00,0000000000000000,0000000000000000,0000000000000000,0000000000000000,0000000000000000,0000000000000000,0000000000000000
1975000,1,0,0,00000008,0,00000000,0,0,000,1,00000000,0,0,0,0,1,0000000000000000,0,0,0,0000000000000000,0,1122334455667788,99aabbccddeeff00,0000000000000000,0000000000000000,0000000000000000,0000000000000000,0000000000000000,0000000000000000,0000000000000000
1985000,1,1,1,00014020,0,00000000,1,1,020,0,00000000,0,0,0,0,1,0000000000000000,0,0,0,0000000000000000,0,1122334455667788,99aabbccddeeff00,0000000000000000,0000000000000000,0000000000000000,0000000000000000,0000000000000000,0000000000000000,0000000000000000
1995000,1,1,1,00014020,1,01020304,1,1,020,1,01020304,0,0,0,0,1,0000000000000000,0,0,0,0000000000000000,0,1122334455667788,99aabbccddeeff00,0000000001020304,0000000000000000,0000000000000000,0000000000000000,0000000000000000,0000000000000000,0000000000000000
2005000,1,1,1,00014020,1,01020304,1,1,020,1,01020304,0,0,0,0,1,0000000000000000,0,0,0,0000000000000000,0,1122334455667788,99aabbccddeeff00,0000000001020304,0000000000000000,0000000000000000,0000000000000000,0000000000000000,0000000000000000,0000000000000000
2015000,1,0,0,00000008,0,00000000,0,0,000,1,00000000,0,0,0,0,1,0000000000000000,0,0,0,0000000000000000,0,1122334455667788,99aabbccddeeff00,0000000001020304,0000000000000000,0000000000000000,0000000000000000,0000000000000000,0000000000000000,0000000000000000
2025000,1,1,1,00014024,0,00000000,1,1,024,0,00000000,0,0,0,0,1,0000000000000000,0,0,0,0000000000000000,0,1122334455667788,99aabbccddeeff00,0000000001020304,0000000000000000,0000000000000000,0000000000000000,0000000000000000,0000000000000000,0000000000000000
2035000,1,1,1,00014024,1,05060708,1,1,024,1,05060708,0,0,0,0,1,0000000000000000,0,0,0,0000000000000000,0,1122334455667788,99aabbccddeeff00,0506070801020304,0000000000000000,0000000000000000,0000000000000000,0000000000000000,0000000000000000,0000000000000000
2045000,1,1,1,00014024,1,05060708,1,1,024,1,05060708,0,0,0,0,1,0000000000000000,0,0,0,0000000000000000,0,1122334455667788,99aabbccddeeff00,0506070801020304,0000000000000000,0000000000000000,0000000000000000,0000000000000000,0000000000000000,0000000000000000
2055000,1,0,0,00000008,0,00000000,0,0,000,1,00000000,0,0,0,0,1,0000000000000000,0,0,0,0000000000000000,0,1122334455667788,99aabbccddeeff00,0506070801020304,0000000000000000,0000000000000000,0000000000000000,0000000000000000,0000000000000000,0000000000000000
2065000,1,1,0,00014020,0,01020304,1,0,020,0,01020304,0,0,0,0,1,0000000000000000,0,0,0,0000000000000000,0,1122334455667788,99aabbccddeeff00,0506070801020304,0000000000000000,0000000000000000,0000000000000000,0000000000000000,0000000000000000,0000000000000000
2075000,1,1,0,00014020,1,01020304,1,0,020,1,01020304,0,0,0,0,1,0000000000000000,0,0,0,0000000000000000,0,1122334455667788,99aabbccddeeff00,0506070801020304,0000000000000000,0000000000000000,0000000000000000,0000000000000000,0000000000000000,0000000000000000
2085000,1,1,0,00014020,1,01020304,1,0,020,1,01020304,0,0,0,0,1,0000000000000000,0,0,0,0000000000000000,0,1122334455667788,99aabbccddeeff00,0506070801020304,0000000000000000,0000000000000000,0000000000000000,0000000000000000,0000000000000000,0000000000000000
2095000,1,0,0,00000008,0,00000000,0,0,000,1,00000000,0,0,0,0,1,0000000000000000,0,0,0,0000000000000000,0,1122334455667788,99aabbccddeeff00,0506070801020304,0000000000000000,0000000000000000,0000000000000000,0000000000000000,0000000000000000,0000000000000000
2105000,1,1,0,00014024,0,05060708,1,0,024,0,05060708,0,0,0,0,1,0000000000000000,0,0,0,0000000000000000,0,1122334455667788,99aabbccddeeff00,0506070801020304,0000000000000000,0000000000000000,0000000000000000,0000000000000000,0000000000000000,0000000000000000
2115000,1,1,0,00014024,1,05060708,1,0,024,1,05060708,0,0,0,0,1,0000000000000000,0,0,0,0000000000000000,0,1122334455667788,99aabbccddeeff00,0506070801020304,0000000000000000,0000000000000000,0000000000000000,0000000000000000,0000000000000000,0000000000000000
2125000,1,1,0,00014024,1,05060708,1,0,024,1,05060708,0,0,0,0,1,0000000000000000,0,0,0,0000000000000000,0,1122334455667788,99aabbccddeeff00,0506070801020304,0000000000000000,0000000000000000,0000000000000000,0000000000000000,0000000000000000,0000000000000000
2135000,1,0,0,00000008,0,00000000,0,0,000,1,00000000,0,0,0,0,1,0000000000000000,0,0,0,0000000000000000,0,1122334455667788,99aabbccddeeff00,0506070801020304,0000000000000000,0000000000000000,0000000000000000,0000000000000000,0000000000000000,0000000000000000
2145000,1,1,1,00014028,0,00000000,1,1,028,0,00000000,0,0,0,0,1,0000000000000000,0,0,0,0000000000000000,0,1122334455667788,99aabbccddeeff00,0506070801020304,0000000000000000,0000000000000000,0000000000000000,0000000000000000,0000000000000000,0000000000000000
2155000,1,1,1,00014028,1,a1a2a3a4,1,1,028,1,a1a2a3a4,0,0,0,0,1,0000000000000000,0,0,0,0000000000000000,0,1122334455667788,99aabbccddeeff00,0506070801020304,00000000a1a2a3a4,0000000000000000,0000000000000000,0000000000000000,0000000000000000,0000000000000000
2165000,1,1,1,00014028,1,a1a2a3a4,1,1,028,1,a1a2a3a4,0,0,0,0,1,0000000000000000,0,0,0,0000000000000000,0,1122334455667788,99aabbccddeeff00,0506070801020304,00000000a1a2a3a4,0000000000000000,0000000000000000,0000000000000000,0000000000000000,0000000000000000
2175000,1,0,0,00000008,0,00000000,0,0,000,1,00000000,0,0,0,0,1,0000000000000000,0,0,0,0000000000000000,0,1122334455667788,99aabbccddeeff00,0506070801020304,00000000a1a2a3a4,0000000000000000,0000000000000000,0000000000000000,0000000000000000,0000000000000000
2185000,1,1,1,0001402c,0,00000000,1,1,02c,0,00000000,0,0,0,0,1,0000000000000000,0,0,0,0000000000000000,0,1122334455667788,99aabbccddeeff00,0506070801020304,00000000a1a2a3a4,0000000000000000,0000000000000000,0000000000000000,0000000000000000,0000000000000000
2195000,1,1,1,0001402c,1,b1b2b3b4,1,1,02c,1,b1b2b3b4,0,0,0,0,1,0000000000000000,0,0,0,0000000000000000,0,1122334455667788,99aabbccddeeff00,0506070801020304,b1b2b3b4a1a2a3a4,0000000000000000,0000000000000000,0000000000000000,0000000000000000,0000000000000000
2205000,1,1,1,0001402c,1,b1b2b3b4,1,1,02c,1,b1b2b3b4,0,0,0,0,1,0000000000000000,0,0,0,0000000000000000,0,1122334455667788,99aabbccddeeff00,0506070801020304,b1b2b3b4a1a2a3a4,0000000000000000,0000000000000000,0000000000000000,0000000000000000,0000000000000000
2215000,1,0,0,00000008,0,00000000,0,0,000,1,00000000,0,0,0,0,1,0000000000000000,0,0,0,0000000000000000,0,1122334455667788,99aabbccddeeff00,0506070801020304,b1b2b3b4a1a2a3a4,0000000000000000,0000000000000000,0000000000000000,0000000000000000,0000000000000000
2225000,1,1,0,00014028,0,a1a2a3a4,1,0,028,0,a1a2a3a4,0,0,0,0,1,0000000000000000,0,0,0,0000000000000000,0,1122334455667788,99aabbccddeeff00,0506070801020304,b1b2b3b4a1a2a3a4,0000000000000000,0000000000000000,0000000000000000,0000000000000000,0000000000000000
2235000,1,1,0,00014028,1,a1a2a3a4,1,0,028,1,a1a2a3a4,0,0,0,0,1,0000000000000000,0,0,0,0000000000000000,0,1122334455667788,99aabbccddeeff00,0506070801020304,b1b2b3b4a1a2a3a4,0000000000000000,0000000000000000,0000000000000000,0000000000000000,0000000000000000
2245000,1,1,0,00014028,1,a1a2a3a4,1,0,028,1,a1a2a3a4,0,0,0,0,1,0000000000000000,0,0,0,0000000000000000,0,1122334455667788,99aabbccddeeff00,0506070801020304,b1b2b3b4a1a2a3a4,0000000000000000,0000000000000000,0000000000000000,0000000000000000,0000000000000000
2255000,1,0,0,00000008,0,00000000,0,0,000,1,00000000,0,0,0,0,1,0000000000000000,0,0,0,0000000000000000,0,1122334455667788,99aabbccddeeff00,0506070801020304,b1b2b3b4a1a2a3a4,0000000000000000,0000000000000000,0000000000000000,0000000000000000,0000000000000000
2265000,1,1,0,0001402c,0,b1b2b3b4,1,0,02c,0,b1b2b3b4,0,0,0,0,1,0000000000000000,0,0,0,0000000000000000,0,1122334455667788,99aabbccddeeff00,0506070801020304,b1b2b3b4a1a2a3a4,0000000000000000,0000000000000000,0000000000000000,0000000000000000,0000000000000000
2275000,1,1,0,0001402c,1,b1b2b3b4,1,0,02c,1,b1b2b3b4,0,0,0,0,1,0000000000000000,0,0,0,0000000000000000,0,1122334455667788,99aabbccddeeff00,0506070801020304,b1b2b3b4a1a2a3a4,0000000000000000,0000000000000000,0000000000000000,0000000000000000,0000000000000000
2285000,1,1,0,0001402c,1,b1b2b3b4,1,0,02c,1,b1b2b3b4,0,0,0,0,1,0000000000000000,0,0,0,0000000000000000,0,1122334455667788,99aabbccddeeff00,0506070801020304,b1b2b3b4a1a2a3a4,0000000000000000,0000000000000000,0000000000000000,0000000000000000,0000000000000000
2295000,1,0,0,00000008,0,00000000,0,0,000,1,00000000,0,0,0,0,1,0000000000000000,0,0,0,0000000000000000,0,1122334455667788,99aabbccddeeff00,0506070801020304,b1b2b3b4a1a2a3a4,0000000000000000,0000000000000000,0000000000000000,0000000000000000,0000000000000000
2305000,1,1,1,00014030,0,00000000,1,1,030,0,00000000,0,0,0,0,1,0000000000000000,0,0,0,0000000000000000,0,1122334455667788,99aabbccddeeff00,0506070801020304,b1b2b3b4a1a2a3a4,0000000000000000,0000000000000000,0000000000000000,0000000000000000,0000000000000000
2315000,1,1,1,00014030,1,12345678,1,1,030,1,12345678,0,0,0,0,1,0000000000000000,0,0,0,0000000000000000,0,1122334455667788,99aabbccddeeff00,0506070801020304,b1b2b3b4a1a2a3a4,0000000012345678,0000000000000000,0000000000000000,0000000000000000,0000000000000000
2325000,1,1,1,00014030,1,12345678,1,1,030,1,12345678,0,0,0,0,1,0000000000000000,0,0,0,0000000000000000,0,1122334455667788,99aabbccddeeff00,0506070801020304,b1b2b3b4a1a2a3a4,0000000012345678,0000000000000000,0000000000000000,0000000000000000,0000000000000000
2335000,1,0,0,00000008,0,00000000,0,0,000,1,00000000,0,0,0,0,1,0000000000000000,0,0,0,0000000000000000,0,1122334455667788,99aabbccddeeff00,0506070801020304,b1b2b3b4a1a2a3a4,0000000012345678,0000000000000000,0000000000000000,0000000000000000,0000000000000000
2345000,1,1,1,00014034,0,00000000,1,1,034,0,00000000,0,0,0,0,1,0000000000000000,0,0,0,0000000000000000,0,1122334455667788,99aabbccddeeff00,0506070801020304,b1b2b3b4a1a2a3a4,0000000012345678,0000000000000000,0000000000000000,0000000000000000,0000000000000000
2355000,1,1,1,00014034,1,9abcdef0,1,1,034,1,9abcdef0,0,0,0,0,1,0000000000000000,0,0,0,0000000000000000,0,1122334455667788,99aabbccddeeff00,0506070801020304,b1b2b3b4a1a2a3a4,9abcdef012345678,0000000000000000,0000000000000000,0000000000000000,0000000000000000
2365000,1,1,1,00014034,1,9abcdef0,1,1,034,1,9abcdef0,0,0,0,0,1,0000000000000000,0,0,0,0000000000000000,0,1122334455667788,99aabbccddeeff00,0506070801020304,b1b2b3b4a1a2a3a4,9abcdef012345678,0000000000000000,0000000000000000,0000000000000000,0000000000000000
2375000,1,0,0,00000008,0,00000000,0,0,000,1,00000000,0,0,0,0,1,0000000000000000,0,0,0,0000000000000000,0,1122334455667788,99aabbccddeeff00,0506070801020304,b1b2b3b4a1a2a3a4,9abcdef012345678,0000000000000000,0000000000000000,0000000000000000,0000000000000000
2385000,1,1,0,00014030,0,12345678,1,0,030,0,12345678,0,0,0,0,1,0000000000000000,0,0,0,0000000000000000,0,1122334455667788,99aabbccddeeff00,0506070801020304,b1b2b3b4a1a2a3a4,9abcdef012345678,0000000000000000,0000000000000000,0000000000000000,0000000000000000
2395000,1,1,0,00014030,1,12345678,1,0,030,1,12345678,0,0,0,0,1,0000000000000000,0,0,0,0000000000000000,0,1122334455667788,99aabbccddeeff00,0506070801020304,b1b2b3b4a1a2a3a4,9abcdef012345678,0000000000000000,0000000000000000,0000000000000000,0000000000000000
2405000,1,1,0,00014030,1,12345678,1,0,030,1,12345678,0,0,0,0,1,0000000000000000,0,0,0,0000000000000000,0,1122334455667788,99aabbccddeeff00,0506070801020304,b1b2b3b4a1a2a3a4,9abcdef012345678,0000000000000000,0000000000000000,0000000000000000,0000000000000000
2415000,1,0,0,00000008,0,00000000,0,0,000,1,00000000,0,0,0,0,1,0000000000000000,0,0,0,0000000000000000,0,1122334455667788,99aabbccddeeff00,0506070801020304,b1b2b3b4a1a2a3a4,9abcdef012345678,0000000000000000,0000000000000000,0000000000000000,0000000000000000
2425000,1,1,0,00014034,0,9abcdef0,1,0,034,0,9abcdef0,0,0,0,0,1,0000000000000000,0,0,0,0000000000000000,0,1122334455667788,99aabbccddeeff00,0506070801020304,b1b2b3b4a1a2a3a4,9abcdef012345678,0000000000000000,0000000000000000,0000000000000000,0000000000000000
2435000,1,1,0,00014034,1,9abcdef0,1,0,034,1,9abcdef0,0,0,0,0,1,0000000000000000,0,0,0,0000000000000000,0,1122334455667788,99aabbccddeeff00,0506070801020304,b1b2b3b4a1a2a3a4,9abcdef012345678,0000000000000000,0000000000000000,0000000000000000,0000000000000000
2445000,1,1,0,00014034,1,9abcdef0,1,0,034,1,9abcdef0,0,0,0,0,1,0000000000000000,0,0,0,0000000000000000,0,1122334455667788,99aabbccddeeff00,0506070801020304,b1b2b3b4a1a2a3a4,9abcdef012345678,0000000000000000,0000000000000000,0000000000000000,0000000000000000
2455000,1,0,0,00000008,0,00000000,0,0,000,1,00000000,0,0,0,0,1,0000000000000000,0,0,0,0000000000000000,0,1122334455667788,99aabbccddeeff00,0506070801020304,b1b2b3b4a1a2a3a4,9abcdef012345678,0000000000000000,0000000000000000,0000000000000000,0000000000000000
2465000,1,1,1,00014038,0,00000000,1,1,038,0,00000000,0,0,0,0,1,0000000000000000,0,0,0,0000000000000000,0,1122334455667788,99aabbccddeeff00,0506070801020304,b1b2b3b4a1a2a3a4,9abcdef012345678,0000000000000000,0000000000000000,0000000000000000,0000000000000000
2475000,1,1,1,00014038,1,cafebabe,1,1,038,1,cafebabe,0,0,0,0,1,0000000000000000,0,0,0,0000000000000000,0,1122334455667788,99aabbccddeeff00,0506070801020304,b1b2b3b4a1a2a3a4,9abcdef012345678,00000000cafebabe,0000000000000000,0000000000000000,0000000000000000
2485000,1,1,1,00014038,1,cafebabe,1,1,038,1,cafebabe,0,0,0,0,1,0000000000000000,0,0,0,0000000000000000,0,1122334455667788,99aabbccddeeff00,0506070801020304,b1b2b3b4a1a2a3a4,9abcdef012345678,00000000cafebabe,0000000000000000,0000000000000000,0000000000000000
2495000,1,0,0,00000008,0,00000000,0,0,000,1,00000000,0,0,0,0,1,0000000000000000,0,0,0,0000000000000000,0,1122334455667788,99aabbccddeeff00,0506070801020304,b1b2b3b4a1a2a3a4,9abcdef012345678,00000000cafebabe,0000000000000000,0000000000000000,0000000000000000
2505000,1,1,1,0001403c,0,00000000,1,1,03c,0,00000000,0,0,0,0,1,0000000000000000,0,0,0,0000000000000000,0,1122334455667788,99aabbccddeeff00,0506070801020304,b1b2b3b4a1a2a3a4,9abcdef012345678,00000000cafebabe,0000000000000000,0000000000000000,0000000000000000
2515000,1,1,1,0001403c,1,deadbeef,1,1,03c,1,deadbeef,0,0,0,0,1,0000000000000000,0,0,0,0000000000000000,0,1122334455667788,99aabbccddeeff00,0506070801020304,b1b2b3b4a1a2a3a4,9abcdef012345678,deadbeefcafebabe,0000000000000000,0000000000000000,0000000000000000
2525000,1,1,1,0001403c,1,deadbeef,1,1,03c,1,deadbeef,0,0,0,0,1,0000000000000000,0,0,0,0000000000000000,0,1122334455667788,99aabbccddeeff00,0506070801020304,b1b2b3b4a1a2a3a4,9abcdef012345678,deadbeefcafebabe,0000000000000000,0000000000000000,0000000000000000
2535000,1,0,0,00000008,0,00000000,0,0,000,1,00000000,0,0,0,0,1,0000000000000000,0,0,0,0000000000000000,0,1122334455667788,99aabbccddeeff00,0506070801020304,b1b2b3b4a1a2a3a4,9abcdef012345678,deadbeefcafebabe,0000000000000000,0000000000000000,0000000000000000
2545000,1,1,0,00014038,0,cafebabe,1,0,038,0,cafebabe,0,0,0,0,1,0000000000000000,0,0,0,0000000000000000,0,1122334455667788,99aabbccddeeff00,0506070801020304,b1b2b3b4a1a2a3a4,9abcdef012345678,deadbeefcafebabe,0000000000000000,0000000000000000,0000000000000000
2555000,1,1,0,00014038,1,cafebabe,1,0,038,1,cafebabe,0,0,0,0,1,0000000000000000,0,0,0,0000000000000000,0,1122334455667788,99aabbccddeeff00,0506070801020304,b1b2b3b4a1a2a3a4,9abcdef012345678,deadbeefcafebabe,0000000000000000,0000000000000000,0000000000000000
2565000,1,1,0,00014038,1,cafebabe,1,0,038,1,cafebabe,0,0,0,0,1,0000000000000000,0,0,0,0000000000000000,0,1122334455667788,99aabbccddeeff00,0506070801020304,b1b2b3b4a1a2a3a4,9abcdef012345678,deadbeefcafebabe,0000000000000000,0000000000000000,0000000000000000
2575000,1,0,0,00000008,0,00000000,0,0,000,1,00000000,0,0,0,0,1,0000000000000000,0,0,0,0000000000000000,0,1122334455667788,99aabbccddeeff00,0506070801020304,b1b2b3b4a1a2a3a4,9abcdef012345678,deadbeefcafebabe,0000000000000000,0000000000000000,0000000000000000
2585000,1,1,0,0001403c,0,deadbeef,1,0,03c,0,deadbeef,0,0,0,0,1,0000000000000000,0,0,0,0000000000000000,0,1122334455667788,99aabbccddeeff00,0506070801020304,b1b2b3b4a1a2a3a4,9abcdef012345678,deadbeefcafebabe,0000000000000000,0000000000000000,0000000000000000
2595000,1,1,0,0001403c,1,deadbeef,1,0,03c,1,deadbeef,0,0,0,0,1,0000000000000000,0,0,0,0000000000000000,0,1122334455667788,99aabbccddeeff00,0506070801020304,b1b2b3b4a1a2a3a4,9abcdef012345678,deadbeefcafebabe,0000000000000000,0000000000000000,0000000000000000
2605000,1,1,0,0001403c,1,deadbeef,1,0,03c,1,deadbeef,0,0,0,0,1,0000000000000000,0,0,0,0000000000000000,0,1122334455667788,99aabbccddeeff00,0506070801020304,b1b2b3b4a1a2a3a4,9abcdef012345678,deadbeefcafebabe,0000000000000000,0000000000000000,0000000000000000
2615000,1,0,0,00000008,0,00000000,0,0,000,1,00000000,0,0,0,0,1,0000000000000000,0,0,0,0000000000000000,0,1122334455667788,99aabbccddeeff00,0506070801020304,b1b2b3b4a1a2a3a4,9abcdef012345678,deadbeefcafebabe,0000000000000000,0000000000000000,0000000000000000
2625000,1,1,1,00014040,0,00000000,1,1,040,0,00000000,0,0,0,0,1,0000000000000000,0,0,0,0000000000000000,0,1122334455667788,99aabbccddeeff00,0506070801020304,b1b2b3b4a1a2a3a4,9abcdef012345678,deadbeefcafebabe,0000000000000000,0000000000000000,0000000000000000
2635000,1,1,1,00014040,1,0badf00d,1,1,040,1,0badf00d,0,0,0,0,1,0000000000000000,0,0,0,0000000000000000,0,1122334455667788,99aabbccddeeff00,0506070801020304,b1b2b3b4a1a2a3a4,9abcdef012345678,deadbeefcafebabe,000000000badf00d,0000000000000000,0000000000000000
2645000,1,1,1,00014040,1,0badf00d,1,1,040,1,0badf00d,0,0,0,0,1,0000000000000000,0,0,0,0000000000000000,0,1122334455667788,99aabbccddeeff00,0506070801020304,b1b2b3b4a1a2a3a4,9abcdef012345678,deadbeefcafebabe,000000000badf00d,0000000000000000,0000000000000000
2655000,1,0,0,00000008,0,00000000,0,0,000,1,00000000,0,0,0,0,1,0000000000000000,0,0,0,0000000000000000,0,1122334455667788,99aabbccddeeff00,0506070801020304,b1b2b3b4a1a2a3a4,9abcdef012345678,deadbeefcafebabe,000000000badf00d,0000000000000000,0000000000000000
2665000,1,1,1,00014044,0,00000000,1,1,044,0,00000000,0,0,0,0,1,0000000000000000,0,0,0,0000000000000000,0,1122334455667788,99aabbccddeeff00,0506070801020304,b1b2b3b4a1a2a3a4,9abcdef012345678,deadbeefcafebabe,000000000badf00d,0000000000000000,0000000000000000
2675000,1,1,1,00014044,1,facecafe,1,1,044,1,facecafe,0,0,0,0,1,0000000000000000,0,0,0,0000000000000000,0,1122334455667788,99aabbccddeeff00,0506070801020304,b1b2b3b4a1a2a3a4,9abcdef012345678,deadbeefcafebabe,facecafe0badf00d,0000000000000000,0000000000000000
2685000,1,1,1,00014044,1,facecafe,1,1,044,1,facecafe,0,0,0,0,1,0000000000000000,0,0,0,0000000000000000,0,1122334455667788,99aabbccddeeff00,0506070801020304,b1b2b3b4a1a2a3a4,9abcdef012345678,deadbeefcafebabe,facecafe0badf00d,0000000000000000,0000000000000000
2695000,1,0,0,00000008,0,00000000,0,0,000,1,00000000,0,0,0,0,1,0000000000000000,0,0,0,0000000000000000,0,1122334455667788,99aabbccddeeff00,0506070801020304,b1b2b3b4a1a2a3a4,9abcdef012345678,deadbeefcafebabe,facecafe0badf00d,0000000000000000,0000000000000000
2705000,1,1,0,00014040,0,0badf00d,1,0,040,0,0badf00d,0,0,0,0,1,0000000000000000,0,0,0,0000000000000000,0,1122334455667788,99aabbccddeeff00,0506070801020304,b1b2b3b4a1a2a3a4,9abcdef012345678,deadbeefcafebabe,facecafe0badf00d,0000000000000000,0000000000000000
2715000,1,1,0,00014040,1,0badf00d,1,0,040,1,0badf00d,0,0,0,0,1,0000000000000000,0,0,0,0000000000000000,0,1122334455667788,99aabbccddeeff00,0506070801020304,b1b2b3b4a1a2a3a4,9abcdef012345678,deadbeefcafebabe,facecafe0badf00d,0000000000000000,0000000000000000
2725000,1,1,0,00014040,1,0badf00d,1,0,040,1,0badf00d,0,0,0,0,1,0000000000000000,0,0,0,0000000000000000,0,1122334455667788,99aabbccddeeff00,0506070801020304,b1b2b3b4a1a2a3a4,9abcdef012345678,deadbeefcafebabe,facecafe0badf00d,0000000000000000,0000000000000000
2735000,1,0,0,00000008,0,00000000,0,0,000,1,00000000,0,0,0,0,1,0000000000000000,0,0,0,0000000000000000,0,1122334455667788,99aabbccddeeff00,0506070801020304,b1b2b3b4a1a2a3a4,9abcdef012345678,deadbeefcafebabe,facecafe0badf00d,0000000000000000,0000000000000000
2745000,1,1,0,00014044,0,facecafe,1,0,044,0,facecafe,0,0,0,0,1,0000000000000000,0,0,0,0000000000000000,0,1122334455667788,99aabbccddeeff00,0506070801020304,b1b2b3b4a1a2a3a4,9abcdef012345678,deadbeefcafebabe,facecafe0badf00d,0000000000000000,0000000000000000
2755000,1,1,0,00014044,1,facecafe,1,0,044,1,facecafe,0,0,0,0,1,0000000000000000,0,0,0,0000000000000000,0,1122334455667788,99aabbccddeeff00,0506070801020304,b1b2b3b4a1a2a3a4,9abcdef012345678,deadbeefcafebabe,facecafe0badf00d,0000000000000000,0000000000000000
2765000,1,1,0,00014044,1,facecafe,1,0,044,1,facecafe,0,0,0,0,1,0000000000000000,0,0,0,0000000000000000,0,1122334455667788,99aabbccddeeff00,0506070801020304,b1b2b3b4a1a2a3a4,9abcdef012345678,deadbeefcafebabe,facecafe0badf00d,0000000000000000,0000000000000000
2775000,1,0,0,00000008,0,00000000,0,0,000,1,00000000,0,0,0,0,1,0000000000000000,0,0,0,0000000000000000,0,1122334455667788,99aabbccddeeff00,0506070801020304,b1b2b3b4a1a2a3a4,9abcdef012345678,deadbeefcafebabe,facecafe0badf00d,0000000000000000,0000000000000000
2785000,1,1,0,00014050,0,00000000,1,0,050,0,00000000,0,0,0,0,1,0000000000000000,0,0,0,0000000000000000,0,1122334455667788,99aabbccddeeff00,0506070801020304,b1b2b3b4a1a2a3a4,9abcdef012345678,deadbeefcafebabe,facecafe0badf00d,0000000000000000,0000000000000000
2795000,1,1,0,00014050,1,00000000,1,0,050,1,00000000,0,0,0,0,1,0000000000000000,0,0,0,0000000000000000,0,1122334455667788,99aabbccddeeff00,0506070801020304,b1b2b3b4a1a2a3a4,9abcdef012345678,deadbeefcafebabe,facecafe0badf00d,0000000000000000,0000000000000000
2805000,1,1,0,00014050,1,00000000,1,0,050,1,00000000,0,0,0,0,1,0000000000000000,0,0,0,0000000000000000,0,1122334455667788,99aabbccddeeff00,0506070801020304,b1b2b3b4a1a2a3a4,9abcdef012345678,deadbeefcafebabe,facecafe0badf00d,0000000000000000,0000000000000000
2815000,1,0,0,00000008,0,00000000,0,0,000,1,00000000,0,0,0,0,1,0000000000000000,0,0,0,0000000000000000,0,1122334455667788,99aabbccddeeff00,0506070801020304,b1b2b3b4a1a2a3a4,9abcdef012345678,deadbeefcafebabe,facecafe0badf00d,0000000000000000,0000000000000000
2825000,1,1,0,00014054,0,00000000,1,0,054,0,00000000,0,0,0,0,1,0000000000000000,0,0,0,0000000000000000,0,1122334455667788,99aabbccddeeff00,0506070801020304,b1b2b3b4a1a2a3a4,9abcdef012345678,deadbeefcafebabe,facecafe0badf00d,0000000000000000,0000000000000000
2835000,1,1,0,00014054,1,00000000,1,0,054,1,00000000,0,0,0,0,1,0000000000000000,0,0,0,0000000000000000,0,1122334455667788,99aabbccddeeff00,0506070801020304,b1b2b3b4a1a2a3a4,9abcdef012345678,deadbeefcafebabe,facecafe0badf00d,0000000000000000,0000000000000000
2845000,1,1,0,00014054,1,00000000,1,0,054,1,00000000,0,0,0,0,1,0000000000000000,0,0,0,0000000000000000,0,1122334455667788,99aabbccddeeff00,0506070801020304,b1b2b3b4a1a2a3a4,9abcdef012345678,deadbeefcafebabe,facecafe0badf00d,0000000000000000,0000000000000000
2855000,1,0,0,00000008,0,00000000,0,0,000,1,00000000,0,0,0,0,1,0000000000000000,0,0,0,0000000000000000,0,1122334455667788,99aabbccddeeff00,0506070801020304,b1b2b3b4a1a2a3a4,9abcdef012345678,deadbeefcafebabe,facecafe0badf00d,0000000000000000,0000000000000000
2865000,1,1,0,00014058,0,00000000,1,0,058,0,00000000,0,0,0,0,1,0000000000000000,0,0,0,0000000000000000,0,1122334455667788,99aabbccddeeff00,0506070801020304,b1b2b3b4a1a2a3a4,9abcdef012345678,deadbeefcafebabe,facecafe0badf00d,0000000000000000,0000000000000000
2875000,1,1,0,00014058,1,00000000,1,0,058,1,00000000,0,0,0,0,1,0000000000000000,0,0,0,0000000000000000,0,1122334455667788,99aabbccddeeff00,0506070801020304,b1b2b3b4a1a2a3a4,9abcdef012345678,deadbeefcafebabe,facecafe0badf00d,0000000000000000,0000000000000000
2885000,1,1,0,00014058,1,00000000,1,0,058,1,00000000,0,0,0,0,1,0000000000000000,0,0,0,0000000000000000,0,1122334455667788,99aabbccddeeff00,0506070801020304,b1b2b3b4a1a2a3a4,9abcdef012345678,deadbeefcafebabe,facecafe0badf00d,0000000000000000,0000000000000000
2895000,1,0,0,00000008,0,00000000,0,0,000,1,00000000,0,0,0,0,1,0000000000000000,0,0,0,0000000000000000,0,1122334455667788,99aabbccddeeff00,0506070801020304,b1b2b3b4a1a2a3a4,9abcdef012345678,deadbeefcafebabe,facecafe0badf00d,0000000000000000,0000000000000000
2905000,1,1,0,0001405c,0,00000000,1,0,05c,0,00000000,0,0,0,0,1,0000000000000000,0,0,0,0000000000000000,0,1122334455667788,99aabbccddeeff00,0506070801020304,b1b2b3b4a1a2a3a4,9abcdef012345678,deadbeefcafebabe,facecafe0badf00d,0000000000000000,0000000000000000
2915000,1,1,0,0001405c,1,00000000,1,0,05c,1,00000000,0,0,0,0,1,0000000000000000,0,0,0,0000000000000000,0,1122334455667788,99aabbccddeeff00,0506070801020304,b1b2b3b4a1a2a3a4,9abcdef012345678,deadbeefcafebabe,facecafe0badf00d,0000000000000000,0000000000000000
2925000,1,1,0,0001405c,1,00000000,1,0,05c,1,00000000,0,0,0,0,1,0000000000000000,0,0,0,0000000000000000,0,1122334455667788,99aabbccddeeff00,0506070801020304,b1b2b3b4a1a2a3a4,9abcdef012345678,deadbeefcafebabe,facecafe0badf00d,0000000000000000,0000000000000000
2935000,1,0,0,00000008,0,00000000,0,0,000,1,00000000,0,0,0,0,1,0000000000000000,0,0,0,0000000000000000,0,1122334455667788,99aabbccddeeff00,0506070801020304,b1b2b3b4a1a2a3a4,9abcdef012345678,deadbeefcafebabe,facecafe0badf00d,0000000000000000,0000000000000000
2945000,1,1,1,00014000,0,00000000,1,1,000,0,00000000,0,0,0,0,1,0000000000000000,0,0,0,0000000000000000,0,1122334455667788,99aabbccddeeff00,0506070801020304,b1b2b3b4a1a2a3a4,9abcdef012345678,deadbeefcafebabe,facecafe0badf00d,0000000000000000,0000000000000000
2955000,1,1,1,00014000,1,00000000,1,1,000,1,00000000,1,0,0,0,1,0000000000000000,0,0,0,0000000000000000,0,1122334455667788,99aabbccddeeff00,0506070801020304,b1b2b3b4a1a2a3a4,9abcdef012345678,deadbeefcafebabe,facecafe0badf00d,0000000000000000,0000000000000000
2965000,1,1,1,00014000,1,00000000,1,1,000,1,00000000,1,1,0,1,1,1122334455667788,0,0,0,0000000000000000,0,1122334455667788,99aabbccddeeff00,0506070801020304,b1b2b3b4a1a2a3a4,9abcdef012345678,deadbeefcafebabe,facecafe0badf00d,0000000000000000,0000000000000000
2975000,1,0,0,00000008,0,00000000,0,0,000,1,00000000,0,1,0,1,1,99aabbccddeeff00,0,0,0,0000000000000000,0,1122334455667788,99aabbccddeeff00,0506070801020304,b1b2b3b4a1a2a3a4,9abcdef012345678,deadbeefcafebabe,facecafe0badf00d,0000000000000000,0000000000000000
2985000,1,0,0,00000008,0,00000000,0,0,000,0,00000000,0,1,0,1,1,0506070801020304,0,0,0,0000000000000000,0,1122334455667788,99aabbccddeeff00,0506070801020304,b1b2b3b4a1a2a3a4,9abcdef012345678,deadbeefcafebabe,facecafe0badf00d,0000000000000000,0000000000000000
2995000,1,0,0,00000008,0,00000000,0,0,000,0,00000000,0,1,0,1,1,b1b2b3b4a1a2a3a4,0,0,0,0000000000000000,0,1122334455667788,99aabbccddeeff00,0506070801020304,b1b2b3b4a1a2a3a4,9abcdef012345678,deadbeefcafebabe,facecafe0badf00d,0000000000000000,0000000000000000
3005000,1,0,0,00000008,0,00000000,0,0,000,0,00000000,0,1,0,1,1,9abcdef012345678,0,0,0,0000000000000000,0,1122334455667788,99aabbccddeeff00,0506070801020304,b1b2b3b4a1a2a3a4,9abcdef012345678,deadbeefcafebabe,facecafe0badf00d,0000000000000000,0000000000000000
3015000,1,0,0,00000008,0,00000000,0,0,000,0,00000000,0,1,0,1,1,deadbeefcafebabe,0,0,0,0000000000000000,0,1122334455667788,99aabbccddeeff00,0506070801020304,b1b2b3b4a1a2a3a4,9abcdef012345678,deadbeefcafebabe,facecafe0badf00d,0000000000000000,0000000000000000
3025000,1,0,0,00000008,0,00000000,0,0,000,0,00000000,0,1,0,1,1,facecafe0badf00d,1,0,0,0000000000000000,0,1122334455667788,99aabbccddeeff00,0506070801020304,b1b2b3b4a1a2a3a4,9abcdef012345678,deadbeefcafebabe,facecafe0badf00d,0000000000000000,0000000000000000
3035000,1,1,0,00014004,0,00000001,1,0,004,0,00000001,0,1,0,0,1,0000000000000000,0,0,1,0000000000000000,0,1122334455667788,99aabbccddeeff00,0506070801020304,b1b2b3b4a1a2a3a4,9abcdef012345678,deadbeefcafebabe,facecafe0badf00d,0000000000000000,0000000000000000
3045000,1,1,0,00014004,1,00000001,1,0,004,1,00000001,0,1,0,0,1,0000000000000000,0,0,1,0000000000000000,0,1122334455667788,99aabbccddeeff00,0506070801020304,b1b2b3b4a1a2a3a4,9abcdef012345678,deadbeefcafebabe,facecafe0badf00d,0000000000000000,0000000000000000
3055000,1,1,0,00014004,1,00000001,1,0,004,1,00000001,0,1,0,0,1,0000000000000000,0,0,1,0000000000000000,0,1122334455667788,99aabbccddeeff00,0506070801020304,b1b2b3b4a1a2a3a4,9abcdef012345678,deadbeefcafebabe,facecafe0badf00d,0000000000000000,0000000000000000
3065000,1,0,0,00000008,0,00000000,0,0,000,1,00000000,0,1,0,0,1,0000000000000000,0,0,1,0000000000000000,0,1122334455667788,99aabbccddeeff00,0506070801020304,b1b2b3b4a1a2a3a4,9abcdef012345678,deadbeefcafebabe,facecafe0badf00d,0000000000000000,0000000000000000
3075000,1,1,1,00014010,0,55667788,1,1,010,0,55667788,0,1,0,0,1,0000000000000000,0,0,1,0000000000000000,0,1122334455667788,99aabbccddeeff00,0506070801020304,b1b2b3b4a1a2a3a4,9abcdef012345678,deadbeefcafebabe,facecafe0badf00d,0000000000000000,0000000000000000
3085000,1,1,1,00014010,1,11223344,1,1,010,1,11223344,0,1,0,0,1,0000000000000000,0,0,1,0000000000000000,0,1122334411223344,99aabbccddeeff00,0506070801020304,b1b2b3b4a1a2a3a4,9abcdef012345678,deadbeefcafebabe,facecafe0badf00d,0000000000000000,0000000000000000
3095000,1,1,1,00014010,1,11223344,1,1,010,1,11223344,0,1,0,0,1,0000000000000000,0,0,1,0000000000000000,0,1122334411223344,99aabbccddeeff00,0506070801020304,b1b2b3b4a1a2a3a4,9abcdef012345678,deadbeefcafebabe,facecafe0badf00d,0000000000000000,0000000000000000
3105000,1,0,0,00000008,0,00000000,0,0,000,1,00000000,0,1,0,0,1,0000000000000000,0,0,1,0000000000000000,0,1122334411223344,99aabbccddeeff00,0506070801020304,b1b2b3b4a1a2a3a4,9abcdef012345678,deadbeefcafebabe,facecafe0badf00d,0000000000000000,0000000000000000
3115000,1,1,1,00014010,0,11223344,1,1,010,0,11223344,0,1,0,0,1,0000000000000000,0,0,1,0000000000000000,0,1122334411223344,99aabbccddeeff00,0506070801020304,b1b2b3b4a1a2a3a4,9abcdef012345678,deadbeefcafebabe,facecafe0badf00d,0000000000000000,0000000000000000
3125000,1,1,1,00014010,1,112233aa,1,1,010,1,112233aa,0,1,0,0,1,0000000000000000,0,0,1,0000000000000000,0,11223344112233aa,99aabbccddeeff00,0506070801020304,b1b2b3b4a1a2a3a4,9abcdef012345678,deadbeefcafebabe,facecafe0badf00d,0000000000000000,0000000000000000
3135000,1,1,1,00014010,1,112233aa,1,1,010,1,112233aa,0,1,0,0,1,0000000000000000,0,0,1,0000000000000000,0,11223344112233aa,99aabbccddeeff00,0506070801020304,b1b2b3b4a1a2a3a4,9abcdef012345678,deadbeefcafebabe,facecafe0badf00d,0000000000000000,0000000000000000
3145000,1,0,0,00000008,0,00000000,0,0,000,1,00000000,0,1,0,0,1,0000000000000000,0,0,1,0000000000000000,0,11223344112233aa,99aabbccddeeff00,0506070801020304,b1b2b3b4a1a2a3a4,9abcdef012345678,deadbeefcafebabe,facecafe0badf00d,0000000000000000,0000000000000000
3155000,1,1,0,00014010,0,112233aa,1,0,010,0,112233aa,0,1,0,0,1,0000000000000000,0,0,1,0000000000000000,0,11223344112233aa,99aabbccddeeff00,0506070801020304,b1b2b3b4a1a2a3a4,9abcdef012345678,deadbeefcafebabe,facecafe0badf00d,0000000000000000,0000000000000000
3165000,1,1,0,00014010,1,112233aa,1,0,010,1,112233aa,0,1,0,0,1,0000000000000000,0,0,1,0000000000000000,0,11223344112233aa,99aabbccddeeff00,0506070801020304,b1b2b3b4a1a2a3a4,9abcdef012345678,deadbeefcafebabe,facecafe0badf00d,0000000000000000,0000000000000000
3175000,1,1,0,00014010,1,112233aa,1,0,010,1,112233aa,0,1,0,0,1,0000000000000000,0,0,1,0000000000000000,0,11223344112233aa,99aabbccddeeff00,0506070801020304,b1b2b3b4a1a2a3a4,9abcdef012345678,deadbeefcafebabe,facecafe0badf00d,0000000000000000,0000000000000000
3185000,1,0,0,00000008,0,00000000,0,0,000,1,00000000,0,1,0,0,1,0000000000000000,0,0,1,0000000000000000,0,11223344112233aa,99aabbccddeeff00,0506070801020304,b1b2b3b4a1a2a3a4,9abcdef012345678,deadbeefcafebabe,facecafe0badf00d,0000000000000000,0000000000000000
3195000,1,1,1,00014010,0,112233aa,1,1,010,0,112233aa,0,1,0,0,1,0000000000000000,0,0,1,0000000000000000,0,11223344112233aa,99aabbccddeeff00,0506070801020304,b1b2b3b4a1a2a3a4,9abcdef012345678,deadbeefcafebabe,facecafe0badf00d,0000000000000000,0000000000000000
3205000,1,1,1,00014010,1,bb2233aa,1,1,010,1,bb2233aa,0,1,0,0,1,0000000000000000,0,0,1,0000000000000000,0,11223344bb2233aa,99aabbccddeeff00,0506070801020304,b1b2b3b4a1a2a3a4,9abcdef012345678,deadbeefcafebabe,facecafe0badf00d,0000000000000000,0000000000000000
3215000,1,1,1,00014010,1,bb2233aa,1,1,010,1,bb2233aa,0,1,0,0,1,0000000000000000,0,0,1,0000000000000000,0,11223344bb2233aa,99aabbccddeeff00,0506070801020304,b1b2b3b4a1a2a3a4,9abcdef012345678,deadbeefcafebabe,facecafe0badf00d,0000000000000000,0000000000000000
3225000,1,0,0,00000008,0,00000000,0,0,000,1,00000000,0,1,0,0,1,0000000000000000,0,0,1,0000000000000000,0,11223344bb2233aa,99aabbccddeeff00,0506070801020304,b1b2b3b4a1a2a3a4,9abcdef012345678,deadbeefcafebabe,facecafe0badf00d,0000000000000000,0000000000000000
3235000,1,1,0,00014010,0,bb2233aa,1,0,010,0,bb2233aa,0,1,0,0,1,0000000000000000,0,0,1,0000000000000000,0,11223344bb2233aa,99aabbccddeeff00,0506070801020304,b1b2b3b4a1a2a3a4,9abcdef012345678,deadbeefcafebabe,facecafe0badf00d,0000000000000000,0000000000000000
3245000,1,1,0,00014010,1,bb2233aa,1,0,010,1,bb2233aa,0,1,0,0,1,0000000000000000,0,0,1,0000000000000000,0,11223344bb2233aa,99aabbccddeeff00,0506070801020304,b1b2b3b4a1a2a3a4,9abcdef012345678,deadbeefcafebabe,facecafe0badf00d,0000000000000000,0000000000000000
3255000,1,1,0,00014010,1,bb2233aa,1,0,010,1,bb2233aa,0,1,0,0,1,0000000000000000,0,0,1,0000000000000000,0,11223344bb2233aa,99aabbccddeeff00,0506070801020304,b1b2b3b4a1a2a3a4,9abcdef012345678,deadbeefcafebabe,facecafe0badf00d,0000000000000000,0000000000000000
3265000,1,0,0,00000008,0,00000000,0,0,000,1,00000000,0,1,0,0,1,0000000000000000,0,0,1,0000000000000000,0,11223344bb2233aa,99aabbccddeeff00,0506070801020304,b1b2b3b4a1a2a3a4,9abcdef012345678,deadbeefcafebabe,facecafe0badf00d,0000000000000000,0000000000000000
3275000,1,1,0,00020000,1,00000000,0,0,000,0,00000000,0,1,0,0,1,0000000000000000,0,0,1,0000000000000000,0,11223344bb2233aa,99aabbccddeeff00,0506070801020304,b1b2b3b4a1a2a3a4,9abcdef012345678,deadbeefcafebabe,facecafe0badf00d,0000000000000000,0000000000000000
3285000,1,0,0,00000008,0,00000000,0,0,000,0,00000000,0,1,0,0,1,0000000000000000,0,0,1,0000000000000000,0,11223344bb2233aa,99aabbccddeeff00,0506070801020304,b1b2b3b4a1a2a3a4,9abcdef012345678,deadbeefcafebabe,facecafe0badf00d,0000000000000000,0000000000000000
3295000,1,1,1,00020000,1,00000000,0,0,000,0,00000000,0,1,0,0,1,0000000000000000,0,0,1,0000000000000000,0,11223344bb2233aa,99aabbccddeeff00,0506070801020304,b1b2b3b4a1a2a3a4,9abcdef012345678,deadbeefcafebabe,facecafe0badf00d,0000000000000000,0000000000000000
3305000,1,0,0,00000008,0,00000000,0,0,000,0,00000000,0,1,0,0,1,0000000000000000,0,0,1,0000000000000000,0,11223344bb2233aa,99aabbccddeeff00,0506070801020304,b1b2b3b4a1a2a3a4,9abcdef012345678,deadbeefcafebabe,facecafe0badf00d,0000000000000000,0000000000000000
